Crash Id,Calendar Year,FDOT Crash Number,Reporting Agency Case Number,Reporting Agency Type,FDOT Managing District,County Name,Crash Date,Crash Time,Day,DHSMV City,Crash Report City Code,In Town,On Roadway Name,Int Roadway Name,Reference Distance (Miles),Reference Direction,Officer Latitude,Officer Longitude,FDOT Latitude,FDOT Longitude,FDOT Roadway,Nearest Inventory MP,Nearest Node From Crash,State Road #,US Highway,Crash Side of Road,Accident Lane Number,Travel Direction Vehicle 1,FDOT Road Category,DHSMV Road System Id,Relation to Junction,Crash Harmful Event Location,Intersection Type,Shoulder Type,FDOT Roadway SKID Test Result,FDOT Roadway SKID Test Date,Functional Class,RCI Surface Width,RCI Shoulder Type First,RCI Shoulder Width First,RCI Shoulder Type Second,RCI Shoulder Width Second,RCI Shoulder Type Third,RCI Shoulder Width Third,RCI Median Width,Avg Daily Traffic,AADT Source,RCI Avg Per Truck Traffic,RCI Horiz Curve Condition,Posted Speed Limit,Highest Injury in Crash,CAR Status Code,Alcohols/Drug Involved,Site Location,Lighting,Weather,Road Surface,Roadway Grade,Roadway Alignment,Traffic Way Vehicle 1,Traffic Way Vehicle 2,Traffic Control Vehicle 1,Traffic Control Vehicle 2,Count of Lanes,Road Condition 1,Road Condition 2,Road Condition 3,Environment Condition 1,Environment Condition 2,Environment Condition 3,Crash Harmful Event,Manner of Collision,Vehicle Movement,Driver Action Vehicle 1,Driver Action Vehicle 2,Location Within Workzone,Type of Workzone,Workers Present in Workzone,Law Enforcement Present in Workzone,School Bus Related,Count of Nonfatal Injuries,Count of Traffic Fatalities,Count of Serious Injuries,Count of Pedestrians,Count of Drivers,Count of Bicyclists,Count of Vehicles,Count of Persons,Wrong Way,Workzone Inv,Commercial Vehicle Inv,Intersection Inv,Lane Departure,Speeding,Agressive Driving,Impaired Driver,Impaired Pedestrian,Impaired Bicyclist,Distracted Driver,Speeding or Aggressive Driving,Pedestrian Related,Bicyclist Related,Pedestrian or Bicyclist Related,Motorcycle Inv,No Belt,No Belt - Ages 1-4,No Belt - Ages 5-12,No Belt - Ages 13-17,Driver - Ages Teen,Driver - Ages 65 plus,Driver - Ages 65-69,Driver - Ages 70-74,Driver - Ages 75-79,Driver - Ages 80 plus,ARBM Latitude,ARBM Longitude,UTM Zone 17N X,UTM Zone 17N Y,ARBM Side of Road,Urban Rural Indicator,GIS Street Source,Extract Date,OBJECTID,x,y
2013833225180,2013,833225180,FHPL13OFF061683,FLORIDA HIGHWAY PATROL,04 FOURTH,PALM BEACH,"October 7, 2013",1708,TUESDAY,9394 WEST PALM BEACH,0694,Y,I 95,SR 704,0.114,S,26.6999166,-80.0719627,26.7021987,-80.0727582,93220000,26.877,01228,SR 9,I 95,L LEFT,5 THRU LANE 5,S SOUTH,01 INTERSTATE URBAN,01 INTERSTATE,01 NON-JUNCTION,01 ON ROADWAY,01 NOT AT INTERSECTION,01 PAVED,32,"September 8, 2013",11 URBAN PRIN ART INT.,64,PAVED WARN,10,,0,,0,32,199000,RCI,7.5,,65,1 NO INJURY,31 Q/C COMPLETED - LOC VERIFIED,0 NO,01 NOT AT INTERSECTION/RRX/BRIDGE,01 DAYLIGHT,01 CLEAR,01 DRY,01 LEVEL,1 STRAIGHT,"TWO-WAY, DIVIDED, POSITIVE MED","TWO-WAY, DIVIDED, POSITIVE MED",NO CONTROLS,NO CONTROLS,10,NONE,NOT CODED,NOT CODED,NONE,NOT CODED,NOT CODED,14 MOTOR VEHICLE IN TRANSPORT,01 FRONT TO REAR,01 STRAIGHT AHEAD,DROVE TOO FAST FOR CONDITIONS,NO CONTRIBUTING ACTION,00 NOT CODED,00 NOT CODED,00 NOT CODED,00 NOT CODED,01 NO,0,0,0,0,3,0,3,3,N,N,N,N,N,Y,N,N,N,N,Y,Y,N,N,N,N,N,N,N,N,N,Y,N,N,Y,N,26.701993779,-80.0729866,592217.427355,2953764.248926,L,,ARBM15Q1R2,"February 27, 2022",266347,-8913684.39185209,3086289.5039152973
2013833225190,2013,833225190,FHPL13OFF061695,FLORIDA HIGHWAY PATROL,04 FOURTH,PALM BEACH,"October 7, 2013",1817,TUESDAY,9394 WEST PALM BEACH,0694,Y,I 95,SR 704,0.095,S,26.698793,-80.0713226,26.7024408,-80.0729057,93220000,26.896,02142,SR 9,I 95,L LEFT,5 THRU LANE 5,S SOUTH,01 INTERSTATE URBAN,01 INTERSTATE,01 NON-JUNCTION,01 ON ROADWAY,01 NOT AT INTERSECTION,01 PAVED,32,"September 8, 2013",11 URBAN PRIN ART INT.,64,PAVED WARN,9,LAWN,12,,0,32,199000,RCI,7.5,,65,1 NO INJURY,31 Q/C COMPLETED - LOC VERIFIED,0 NO,01 NOT AT INTERSECTION/RRX/BRIDGE,01 DAYLIGHT,01 CLEAR,01 DRY,01 LEVEL,1 STRAIGHT,"TWO-WAY, DIVIDED, POSITIVE MED","TWO-WAY, DIVIDED, POSITIVE MED",NO CONTROLS,NO CONTROLS,10,NONE,NOT CODED,NOT CODED,NONE,NOT CODED,NOT CODED,14 MOTOR VEHICLE IN TRANSPORT,"04 SIDESWIPE, SAME DIRECTION",06 CHANGING LANES,FAILED TO KEEP IN PROPER LANE,NO CONTRIBUTING ACTION,00 NOT CODED,00 NOT CODED,00 NOT CODED,00 NOT CODED,01 NO,0,0,0,0,2,0,2,2,N,N,Y,N,Y,N,N,N,N,N,Y,N,N,N,N,N,N,N,N,N,N,N,N,N,N,N,26.702233742,-80.073139715,592202.001732,2953790.717279,L,,ARBM15Q1R2,"February 27, 2022",266348,-8913701.436662097,3086319.405397641
2013833054670,2013,833054670,FHPL13OFF025756,FLORIDA HIGHWAY PATROL,04 FOURTH,PALM BEACH,"April 28, 2013",1510,MONDAY,9394 WEST PALM BEACH,0694,N,I 95,PALM BEACH LAKES BLVD,0.1,S,26.716744,-80.0874627,26.717769,-80.0884082,93220000,28.335,06139,SR 9,I 95,R RIGHT,2 THRU LANE 2,N NORTH,01 INTERSTATE URBAN,01 INTERSTATE,01 NON-JUNCTION,01 ON ROADWAY,01 NOT AT INTERSECTION,01 PAVED,32,"September 8, 2013",11 URBAN PRIN ART INT.,40,PAVED WARN,10,CURB W RESF,2,,0,51,177265,RCI,6.3,1D3000,65,2 POSSIBLE INJURY,31 Q/C COMPLETED - LOC VERIFIED,0 NO,01 NOT AT INTERSECTION/RRX/BRIDGE,01 DAYLIGHT,02 CLOUDY,01 DRY,01 LEVEL,1 STRAIGHT,"TWO-WAY, DIVIDED, POSITIVE MED","TWO-WAY, DIVIDED, POSITIVE MED",NO CONTROLS,NO CONTROLS,7,NONE,NOT CODED,NOT CODED,NONE,NOT CODED,NOT CODED,14 MOTOR VEHICLE IN TRANSPORT,"04 SIDESWIPE, SAME DIRECTION",06 CHANGING LANES,FAILED TO YIELD RIGHT-OF-WAY,NO CONTRIBUTING ACTION,00 NOT CODED,00 NOT CODED,00 NOT CODED,00 NOT CODED,01 NO,1,0,0,0,2,0,2,3,N,N,N,N,Y,N,N,N,N,N,N,N,N,N,N,N,N,N,N,N,N,Y,N,Y,N,N,26.717635324,-80.088304054,590681.208023,2955485.76651,R,,ARBM15Q1R2,"February 27, 2022",267389,-8915389.523605675,3088238.7038318412
2013833054690,2013,833054690,FHPL13OFF026261,FLORIDA HIGHWAY PATROL,04 FOURTH,PALM BEACH,"April 30, 2013",1733,WEDNESDAY,9394 WEST PALM BEACH,0694,N,I 95,FOREST HILL BLVD,0.5,N,26.6673878,-80.0709333,26.6628922,-80.0707439,93220000,24.04,02219,SR 9,I 95,L LEFT,2 THRU LANE 2,S SOUTH,01 INTERSTATE URBAN,01 INTERSTATE,01 NON-JUNCTION,01 ON ROADWAY,01 NOT AT INTERSECTION,01 PAVED,32,"September 8, 2013",11 URBAN PRIN ART INT.,64,PAVED WARN,10,VALLEY GUTR,3,,0,32,208000,RCI,7.5,0D3000,65,1 NO INJURY,31 Q/C COMPLETED - LOC VERIFIED,0 NO,01 NOT AT INTERSECTION/RRX/BRIDGE,01 DAYLIGHT,03 RAIN,02 WET,01 LEVEL,1 STRAIGHT,"TWO-WAY, DIVIDED, POSITIVE MED","TWO-WAY, DIVIDED, POSITIVE MED",NO CONTROLS,NO CONTROLS,10,NONE,NOT CODED,NOT CODED,WEATHER CONDITIONS,NOT CODED,NOT CODED,14 MOTOR VEHICLE IN TRANSPORT,"04 SIDESWIPE, SAME DIRECTION",06 CHANGING LANES,NOT CODED,NO CONTRIBUTING ACTION,00 NOT CODED,00 NOT CODED,00 NOT CODED,00 NOT CODED,01 NO,0,0,0,0,1,0,2,1,N,N,N,N,Y,N,N,N,N,N,N,N,N,N,N,N,N,N,N,N,N,N,N,N,N,N,26.662567695,-80.071059505,592440.93673,2949398.6941,L,,ARBM15Q1R2,"February 27, 2022",267521,-8913469.868545284,3081377.537097512
2013833054730,2013,833054730,FHPL13OFF027746,FLORIDA HIGHWAY PATROL,04 FOURTH,PALM BEACH,"May 7, 2013",1737,WEDNESDAY,9394 WEST PALM BEACH,0694,N,I 95,OKEECHOBEE BLVD,0.5,N,26.7124858,-80.081581,26.7107717,-80.0793146,93220000,27.594,01183,SR 9,I 95,L LEFT,2 THRU LANE 2,S SOUTH,01 INTERSTATE URBAN,01 INTERSTATE,01 NON-JUNCTION,01 ON ROADWAY,01 NOT AT INTERSECTION,01 PAVED,32,"September 8, 2013",11 URBAN PRIN ART INT.,64,PAVED WARN,10,LAWN,12,,0,32,177265,RCI,6.3,0D5000,65,1 NO INJURY,31 Q/C COMPLETED - LOC VERIFIED,0 NO,01 NOT AT INTERSECTION/RRX/BRIDGE,01 DAYLIGHT,01 CLEAR,01 DRY,01 LEVEL,1 STRAIGHT,"TWO-WAY, DIVIDED, POSITIVE MED","TWO-WAY, DIVIDED, POSITIVE MED",NO CONTROLS,NO CONTROLS,10,NONE,NOT CODED,NOT CODED,NONE,NOT CODED,NOT CODED,14 MOTOR VEHICLE IN TRANSPORT,02 FRONT TO FRONT,01 STRAIGHT AHEAD,OPERATED MV IN CARLESS OR NEGL,OPERATED MV IN CARLESS OR NEGL,00 NOT CODED,00 NOT CODED,00 NOT CODED,00 NOT CODED,01 NO,0,0,0,0,3,0,3,3,N,N,N,N,Y,N,N,N,N,N,N,N,N,N,N,N,N,N,N,N,Y,N,N,N,N,N,26.710581169,-80.079533422,591559.260988,2954710.696762,L,,ARBM15Q1R2,"February 27, 2022",267523,-8914413.180956202,3087359.6042209896
2013833054740,2013,833054740,FHPL13OFF028010,FLORIDA HIGHWAY PATROL,04 FOURTH,PALM BEACH,"May 8, 2013",2021,THURSDAY,9394 WEST PALM BEACH,0694,N,I 95,10TH AVE,1,N,26.6396637,-80.0688515,26.6419119,-80.0688441,93220000,22.578,03212,SR 9,I 95,L LEFT,1 THRU LANE 1,S SOUTH,01 INTERSTATE URBAN,01 INTERSTATE,01 NON-JUNCTION,01 ON ROADWAY,01 NOT AT INTERSECTION,01 PAVED,31,"September 8, 2013",11 URBAN PRIN ART INT.,64,PAVED WARN,12,LAWN,12,,0,32,203000,RCI,7.5,1D3000,65,1 NO INJURY,31 Q/C COMPLETED - LOC VERIFIED,0 NO,01 NOT AT INTERSECTION/RRX/BRIDGE,04 DARK-LIGHTED,01 CLEAR,01 DRY,01 LEVEL,1 STRAIGHT,"TWO-WAY, DIVIDED, POSITIVE MED","TWO-WAY, DIVIDED, POSITIVE MED",NO CONTROLS,NO CONTROLS,10,NONE,NOT CODED,NOT CODED,NONE,NOT CODED,NOT CODED,14 MOTOR VEHICLE IN TRANSPORT,"04 SIDESWIPE, SAME DIRECTION",16 LEAVING TRAFFIC LANE,OPERATED MV IN CARLESS OR NEGL,NO CONTRIBUTING ACTION,00 NOT CODED,00 NOT CODED,00 NOT CODED,00 NOT CODED,01 NO,0,0,0,0,2,0,2,3,N,N,N,N,Y,N,N,N,N,N,N,N,N,N,N,N,N,N,N,N,N,N,N,N,N,N,26.641570733,-80.069167076,592646.216506,2947074.388709,L,,ARBM15Q1R2,"February 27, 2022",267524,-8913259.204127,3078762.286919394
2013833054760,2013,833054760,FHPL13OFF031133,FLORIDA HIGHWAY PATROL,04 FOURTH,PALM BEACH,"May 22, 2013",1558,THURSDAY,9394 WEST PALM BEACH,0694,N,SR 9,SOUTHERN BLVD,0,,26.6848854,-80.068616,26.6840213,-80.0688425,93220156,0.541,04914,SR 9,I 95,R RIGHT,X RAMP,N NORTH,08 RAMP RURAL,01 INTERSTATE,01 NON-JUNCTION,01 ON ROADWAY,01 NOT AT INTERSECTION,01 PAVED,0,"December 31, 2000",,24,PAVED,6,,0,,0,,14000,RCI,10.7,,,3 NO-INCAPACITATING INJURY,31 Q/C COMPLETED - LOC VERIFIED,0 NO,08 EXIT RAMP,01 DAYLIGHT,01 CLEAR,01 DRY,04 DOWNHILL,1 STRAIGHT,ONE-WAY TRAFFICWAY,ONE-WAY TRAFFICWAY,NO CONTROLS,NO CONTROLS,2,NONE,NOT CODED,NOT CODED,NONE,NOT CODED,NOT CODED,14 MOTOR VEHICLE IN TRANSPORT,"04 SIDESWIPE, SAME DIRECTION",06 CHANGING LANES,NOT CODED,NO CONTRIBUTING ACTION,00 NOT CODED,00 NOT CODED,00 NOT CODED,00 NOT CODED,01 NO,1,0,0,0,2,0,3,2,N,N,N,N,Y,N,N,N,N,N,N,N,N,N,N,Y,N,N,N,N,N,N,N,N,N,N,26.684018781,-80.068828269,592645.6481,2951776.2957,O,,ARBM15Q1R2,"February 27, 2022",267525,-8913221.488377668,3084049.84711379
2013832827240,2013,832827240,FHPL13OFF069812,FLORIDA HIGHWAY PATROL,04 FOURTH,PALM BEACH,"November 15, 2013",1520,SATURDAY,9394 WEST PALM BEACH,0694,N,I 95,BELVEDERE RD,0.5,N,26.6974667,-80.0702416,26.6972672,-80.0699498,93220000,26.515,04933,SR 9,I 95,L LEFT,4 THRU LANE 4,N NORTH,01 INTERSTATE URBAN,01 INTERSTATE,01 NON-JUNCTION,01 ON ROADWAY,01 NOT AT INTERSECTION,01 PAVED,32,"September 8, 2013",11 URBAN PRIN ART INT.,64,PAVED WARN,10,VALLEY GUTR,3,,0,32,199000,RCI,7.5,,65,2 POSSIBLE INJURY,32 Q/C NOT TO BE DONE ON CRASH,0 NO,01 NOT AT INTERSECTION/RRX/BRIDGE,01 DAYLIGHT,02 CLOUDY,02 WET,01 LEVEL,1 STRAIGHT,"TWO-WAY, DIVIDED, POSITIVE MED","TWO-WAY, DIVIDED, POSITIVE MED",NO CONTROLS,NO CONTROLS,10,NONE,NOT CODED,NOT CODED,NONE,NOT CODED,NOT CODED,14 MOTOR VEHICLE IN TRANSPORT,03 ANGLE,06 CHANGING LANES,NOT CODED,NO CONTRIBUTING ACTION,00 NOT CODED,00 NOT CODED,00 NOT CODED,00 NOT CODED,01 NO,1,0,0,0,1,0,2,1,N,N,N,N,N,N,N,N,N,N,N,N,N,N,N,N,N,N,N,N,N,N,N,N,N,N,26.697308856,-80.070322171,592486.276911,2953247.261655,L,,ARBM15Q1R2,"February 27, 2022",268076,-8913387.788873367,3085705.73580292
2013833201440,2013,833201440,FHPL13OFF029973,FLORIDA HIGHWAY PATROL,04 FOURTH,PALM BEACH,"May 17, 2013",1543,SATURDAY,9394 WEST PALM BEACH,0694,N,I 95,OKEECHOBEE BLVD,1,S,26.6993157,-80.0710215,26.6906635,-80.066548,93220000,25.991,05235,SR 9,I 95,R RIGHT,S SIDE OF ROAD,N NORTH,01 INTERSTATE URBAN,01 INTERSTATE,01 NON-JUNCTION,03 SHOULDER,01 NOT AT INTERSECTION,01 PAVED,32,"September 8, 2013",11 URBAN PRIN ART INT.,64,PAVED,10,,0,,0,32,199000,RCI,7.5,3D0000,65,1 NO INJURY,31 Q/C COMPLETED - LOC VERIFIED,0 NO,06 BRIDGE,01 DAYLIGHT,01 CLEAR,01 DRY,01 LEVEL,1 STRAIGHT,"TWO-WAY, DIVIDED, POSITIVE MED",,NO CONTROLS,NOT CODED,10,NONE,NOT CODED,NOT CODED,NONE,NOT CODED,NOT CODED,30 CONCRETE TRAFFIC BARRIER,77 OTHER (SEE NARRATIVE),77 OTHER (SEE NARRATIVE),OVER-CORRECTING/OVERSTEERING,NOT CODED,00 NOT CODED,00 NOT CODED,00 NOT CODED,00 NOT CODED,01 NO,0,0,0,0,1,0,1,1,N,N,N,N,Y,N,N,N,N,N,Y,N,N,N,N,N,N,N,N,N,N,N,N,N,N,N,26.690455003,-80.066587332,592863.402404,2952490.82116,R,,ARBM15Q1R2,"February 27, 2022",268119,-8912972.028342675,3084851.7497996013
2013832844100,2013,832844100,FHPK13OFF022267,FLORIDA HIGHWAY PATROL,08 TURNPIKE,PALM BEACH,"May 1, 2013",1110,THURSDAY,9394 WEST PALM BEACH,0694,Y,SR 91,SR 704,1,S,26.7240766,-80.1357031,26.6961955,-80.1520989,93470000,25.783,04153,SR 91,,M MEDIAN,M MIDDLE,S SOUTH,03 TOLL ROAD URBAN,06 TURNPIKE/TOLL,01 NON-JUNCTION,04 MEDIAN,01 NOT AT INTERSECTION,01 PAVED,34,"June 26, 2012",12 URBAN PRIN ART EXPR.,24,PAVED WARN,33,LAWN,3.5,,0,20,54000,RCI,12.3,,70,1 NO INJURY,31 Q/C COMPLETED - LOC VERIFIED,0 NO,01 NOT AT INTERSECTION/RRX/BRIDGE,01 DAYLIGHT,03 RAIN,02 WET,01 LEVEL,1 STRAIGHT,"TWO-WAY, DIVIDED, POSITIVE MED","TWO-WAY, DIVIDED, POSITIVE MED",NO CONTROLS,NO CONTROLS,4,NONE,NOT CODED,NOT CODED,NONE,NOT CODED,NOT CODED,30 CONCRETE TRAFFIC BARRIER,77 OTHER (SEE NARRATIVE),14 SLOWING,DROVE TOO FAST FOR CONDITIONS,NO CONTRIBUTING ACTION,00 NOT CODED,00 NOT CODED,00 NOT CODED,00 NOT CODED,01 NO,0,0,0,0,2,0,2,2,N,N,N,N,Y,Y,N,N,N,N,N,Y,N,N,N,N,N,N,N,N,Y,N,N,N,N,N,26.696070556,-80.15217502,584343.923509,2953053.350179,R,,ARBM15Q1R2,"February 27, 2022",268370,-8922499.60908848,3085551.4402983924
2013832844130,2013,832844130,FHPK13OFF028601,FLORIDA HIGHWAY PATROL,08 TURNPIKE,PALM BEACH,"June 2, 2013",0030,MONDAY,9394 WEST PALM BEACH,0694,Y,SR 91,SR 704,2,N,26.694282,-80.154071,26.7354594,-80.1350143,93470000,28.816,05005,SR 91,,M MEDIAN,M MIDDLE,S SOUTH,03 TOLL ROAD URBAN,06 TURNPIKE/TOLL,01 NON-JUNCTION,04 MEDIAN,01 NOT AT INTERSECTION,01 PAVED,34,"June 26, 2012",12 URBAN PRIN ART EXPR.,24,PAVED WARN,10,LAWN,12,,0,20,51000,RCI,12.3,,70,1 NO INJURY,31 Q/C COMPLETED - LOC VERIFIED,0 NO,01 NOT AT INTERSECTION/RRX/BRIDGE,04 DARK-LIGHTED,02 CLOUDY,02 WET,01 LEVEL,1 STRAIGHT,"TWO-WAY, DIVIDED, POSITIVE MED",,NO CONTROLS,NOT CODED,4,NONE,NOT CODED,NOT CODED,NONE,NOT CODED,NOT CODED,30 CONCRETE TRAFFIC BARRIER,77 OTHER (SEE NARRATIVE),01 STRAIGHT AHEAD,NO CONTRIBUTING ACTION,NOT CODED,00 NOT CODED,00 NOT CODED,00 NOT CODED,00 NOT CODED,01 NO,0,0,0,0,1,0,1,1,N,N,N,N,Y,N,N,N,N,N,N,N,N,N,N,N,N,N,N,N,N,N,N,N,N,N,26.735343597,-80.135018302,586021.27195,2957414.78589,R,,ARBM15Q1R2,"February 27, 2022",268373,-8920589.731602915,3090445.775895108
2013832952830,2013,832952830,FHPL13OFF046888,FLORIDA HIGHWAY PATROL,04 FOURTH,PALM BEACH,"August 1, 2013",0142,FRIDAY,9394 WEST PALM BEACH,0694,Y,OKEECHOBEE BLVD,CHURCH ST,0.002,E,26.7063361,-80.0818851,26.7062045,-80.0818977,93280000,7.344,01746,SR 704,,L LEFT,2 THRU LANE 2,W WEST,30 URBAN 6+LN 2WY DIVD RASD,03 STATE,03 INTERSECTION-RELATED,01 ON ROADWAY,02 FOUR-WAY INTERSECTION,03 CURB,36,"December 1, 2013",14 URBAN PRIN ART OTHER,44,PAVED,3,CURB&GUTTER,2,,0,18,45500,RCI,4.8,,45,1 NO INJURY,31 Q/C COMPLETED - LOC VERIFIED,1 ALC,02 AT INTERSECTION,04 DARK-LIGHTED,01 CLEAR,01 DRY,01 LEVEL,1 STRAIGHT,"TWO-WAY, DIVIDED, POSITIVE MED","TWO-WAY, DIVIDED, POSITIVE MED",TRAFFIC CONTROL SIGNAL,TRAFFIC CONTROL SIGNAL,8,NONE,NOT CODED,NOT CODED,NONE,NOT CODED,NOT CODED,14 MOTOR VEHICLE IN TRANSPORT,01 FRONT TO REAR,01 STRAIGHT AHEAD,OPERATED MV IN CARLESS OR NEGL,NO CONTRIBUTING ACTION,04 ACTIVITY AREA,01 LANE CLOSURE,02 YES,02 OFFICER PRESENT,01 NO,0,0,0,0,2,0,2,2,N,Y,N,Y,N,N,N,Y,N,N,N,N,N,N,N,N,N,N,N,N,N,N,N,N,N,N,26.706350157,-80.081680579,591349.047401,2954240.5158,L,,ARBM15Q1R2,"February 27, 2022",268496,-8914652.201518686,3086832.355106511
2013832952850,2013,832952850,FHPL13OFF047969,FLORIDA HIGHWAY PATROL,04 FOURTH,PALM BEACH,"August 6, 2013",1350,WEDNESDAY,9394 WEST PALM BEACH,0694,Y,I 95,PALM BEACH LAKES BLVD,0.5,N,26.7504017,-80.0897905,26.4784315,-80.0863313,93220000,11.124,02233,SR 9,I 95,R RIGHT,3 THRU LANE 3,N NORTH,01 INTERSTATE URBAN,01 INTERSTATE,01 NON-JUNCTION,01 ON ROADWAY,01 NOT AT INTERSECTION,01 PAVED,33,"September 8, 2013",11 URBAN PRIN ART INT.,64,PAVED WARN,10,LAWN,12,,0,35,181062,RCI,6.2,,65,1 NO INJURY,31 Q/C COMPLETED - LOC VERIFIED,0 NO,01 NOT AT INTERSECTION/RRX/BRIDGE,01 DAYLIGHT,02 CLOUDY,01 DRY,01 LEVEL,1 STRAIGHT,ONE-WAY TRAFFICWAY,ONE-WAY TRAFFICWAY,NO CONTROLS,NO CONTROLS,7,NONE,NOT CODED,NOT CODED,NONE,NOT CODED,NOT CODED,09 OTHER NON-COLLISION,77 OTHER (SEE NARRATIVE),01 STRAIGHT AHEAD,NOT CODED,NO CONTRIBUTING ACTION,00 NOT CODED,00 NOT CODED,00 NOT CODED,00 NOT CODED,01 NO,0,0,0,0,1,0,2,1,N,N,Y,N,N,N,N,N,N,N,N,N,N,N,N,N,N,N,N,N,N,N,N,N,N,N,26.478077787,-80.086481806,591051.892844,2928953.335764,R,,ARBM15Q1R2,"February 27, 2022",268498,-8915186.67108833,3058415.034280702
2013833176250,2013,833176250,FHPL13OFF077952,FLORIDA HIGHWAY PATROL,04 FOURTH,PALM BEACH,"December 20, 2013",1146,SATURDAY,9394 WEST PALM BEACH,0694,Y,SR 9,BLUE HERON BLVD,0.019,S,26.78348,-80.10011,26.7828659,-80.0989682,93220000,32.955,02376,SR 9,I 95,R RIGHT,1 THRU LANE 1,N NORTH,01 INTERSTATE URBAN,01 INTERSTATE,01 NON-JUNCTION,01 ON ROADWAY,01 NOT AT INTERSECTION,01 PAVED,31,"September 8, 2013",11 URBAN PRIN ART INT.,64,PAVED WARN,8,VALLEY GUTR,4,,0,22,150000,RCI,7.5,,65,1 NO INJURY,31 Q/C COMPLETED - LOC VERIFIED,0 NO,03 INFLUENCED BY INTERSECTION,01 DAYLIGHT,01 CLEAR,01 DRY,01 LEVEL,1 STRAIGHT,ONE-WAY TRAFFICWAY,,TRAFFIC CONTROL SIGNAL,NOT CODED,10,NONE,NOT CODED,NOT CODED,NONE,NOT CODED,NOT CODED,14 MOTOR VEHICLE IN TRANSPORT,77 OTHER (SEE NARRATIVE),01 STRAIGHT AHEAD,NO CONTRIBUTING ACTION,NOT CODED,00 NOT CODED,00 NOT CODED,00 NOT CODED,00 NOT CODED,01 NO,0,0,0,0,1,0,1,1,N,N,N,Y,N,N,N,N,N,N,N,N,N,N,N,N,N,N,N,N,N,N,N,N,N,N,26.782731307,-80.098986694,589567.574225,2962688.466694,R,,ARBM15Q1R2,"February 27, 2022",268909,-8916578.710296283,3096353.638779185
2013833178570,2013,833178570,FHPL13OFF039983,FLORIDA HIGHWAY PATROL,04 FOURTH,PALM BEACH,"July 1, 2013",1025,TUESDAY,9394 WEST PALM BEACH,0694,Y,I 95,SR 882,0,,26.6553076,-80.068794,26.6552835,-80.0686851,93220050,0.236,03154,SR 9,I 95,R RIGHT,X RAMP,N NORTH,07 RAMP URBAN,01 INTERSTATE,14 ENTRANCE/EXIT RAMP,01 ON ROADWAY,03 T-INTERSECTION,03 CURB,0,"December 31, 2000",,14,CURB&GUTTER,2,,0,,0,,,RCI,0,,,1 NO INJURY,31 Q/C COMPLETED - LOC VERIFIED,0 NO,08 EXIT RAMP,01 DAYLIGHT,01 CLEAR,01 DRY,04 DOWNHILL,1 STRAIGHT,ONE-WAY TRAFFICWAY,ONE-WAY TRAFFICWAY,TRAFFIC CONTROL SIGNAL,TRAFFIC CONTROL SIGNAL,1,NONE,NOT CODED,NOT CODED,NONE,NOT CODED,NOT CODED,14 MOTOR VEHICLE IN TRANSPORT,01 FRONT TO REAR,14 SLOWING,OPERATED MV IN CARLESS OR NEGL,NO CONTRIBUTING ACTION,00 NOT CODED,00 NOT CODED,00 NOT CODED,00 NOT CODED,01 NO,0,0,0,0,2,0,2,2,N,N,N,N,N,N,N,N,N,N,N,N,N,N,N,N,N,N,N,N,N,N,N,N,N,N,26.655301745,-80.068700682,592681.5508,2948595.6083,O,,ARBM15Q1R2,"February 27, 2022",268911,-8913207.285349235,3080472.48142485
2013833178640,2013,833178640,FHPL13OFF041338,FLORIDA HIGHWAY PATROL,04 FOURTH,PALM BEACH,"July 7, 2013",1215,MONDAY,9394 WEST PALM BEACH,0694,Y,I 95,BELVEDERE RD,0.1,N,26.6961899,-80.0691773,26.6924096,-80.0670054,93220000,26.115,02141,SR 9,I 95,R RIGHT,3 THRU LANE 3,N NORTH,01 INTERSTATE URBAN,01 INTERSTATE,18 THROUGH ROADWAY,01 ON ROADWAY,01 NOT AT INTERSECTION,01 PAVED,32,"September 8, 2013",11 URBAN PRIN ART INT.,64,PAVED,10,,0,,0,32,199000,RCI,7.5,,65,1 NO INJURY,31 Q/C COMPLETED - LOC VERIFIED,0 NO,01 NOT AT INTERSECTION/RRX/BRIDGE,01 DAYLIGHT,01 CLEAR,01 DRY,04 DOWNHILL,1 STRAIGHT,"TWO-WAY, DIVIDED, POSITIVE MED","TWO-WAY, DIVIDED, POSITIVE MED",NO CONTROLS,NO CONTROLS,10,DEBRIS,NOT CODED,NOT CODED,NONE,NOT CODED,NOT CODED,"17 STRUCK BY FALLING, SHIFTING CA",77 OTHER (SEE NARRATIVE),01 STRAIGHT AHEAD,NO CONTRIBUTING ACTION,NO CONTRIBUTING ACTION,00 NOT CODED,00 NOT CODED,00 NOT CODED,00 NOT CODED,01 NO,0,0,0,0,2,0,2,2,N,N,Y,N,N,N,N,N,N,N,N,N,N,N,N,N,N,N,N,N,N,N,N,N,N,N,26.692213916,-80.066982215,592822.688937,2952685.356493,R,,ARBM15Q1R2,"February 27, 2022",268913,-8913015.98664104,3085070.9043597886