Crash Id,Calendar Year,FDOT Crash Number,Reporting Agency Case Number,Reporting Agency Type,FDOT Managing District,County Name,Crash Date,Crash Time,Day,DHSMV City,Crash Report City Code,In Town,On Roadway Name,Int Roadway Name,Reference Distance (Miles),Reference Direction,Officer Latitude,Officer Longitude,FDOT Latitude,FDOT Longitude,FDOT Roadway,Nearest Inventory MP,Nearest Node From Crash,State Road #,US Highway,Crash Side of Road,Accident Lane Number,Travel Direction Vehicle 1,FDOT Road Category,DHSMV Road System Id,Relation to Junction,Crash Harmful Event Location,Intersection Type,Shoulder Type,FDOT Roadway SKID Test Result,FDOT Roadway SKID Test Date,Functional Class,RCI Surface Width,RCI Shoulder Type First,RCI Shoulder Width First,RCI Shoulder Type Second,RCI Shoulder Width Second,RCI Shoulder Type Third,RCI Shoulder Width Third,RCI Median Width,Avg Daily Traffic,AADT Source,RCI Avg Per Truck Traffic,RCI Horiz Curve Condition,Posted Speed Limit,Highest Injury in Crash,CAR Status Code,Alcohols/Drug Involved,Site Location,Lighting,Weather,Road Surface,Roadway Grade,Roadway Alignment,Traffic Way Vehicle 1,Traffic Way Vehicle 2,Traffic Control Vehicle 1,Traffic Control Vehicle 2,Count of Lanes,Road Condition 1,Road Condition 2,Road Condition 3,Environment Condition 1,Environment Condition 2,Environment Condition 3,Crash Harmful Event,Manner of Collision,Vehicle Movement,Driver Action Vehicle 1,Driver Action Vehicle 2,Location Within Workzone,Type of Workzone,Workers Present in Workzone,Law Enforcement Present in Workzone,School Bus Related,Count of Nonfatal Injuries,Count of Traffic Fatalities,Count of Serious Injuries,Count of Pedestrians,Count of Drivers,Count of Bicyclists,Count of Vehicles,Count of Persons,Wrong Way,Workzone Inv,Commercial Vehicle Inv,Intersection Inv,Lane Departure,Speeding,Agressive Driving,Impaired Driver,Impaired Pedestrian,Impaired Bicyclist,Distracted Driver,Speeding or Aggressive Driving,Pedestrian Related,Bicyclist Related,Pedestrian or Bicyclist Related,Motorcycle Inv,No Belt,No Belt - Ages 1-4,No Belt - Ages 5-12,No Belt - Ages 13-17,Driver - Ages Teen,Driver - Ages 65 plus,Driver - Ages 65-69,Driver - Ages 70-74,Driver - Ages 75-79,Driver - Ages 80 plus,ARBM Latitude,ARBM Longitude,UTM Zone 17N X,UTM Zone 17N Y,ARBM Side of Road,Urban Rural Indicator,GIS Street Source,Extract Date,OBJECTID,x,y
2013830871530,2013,830871530,20130016054,CITY POLICE DEPARTMENT,04 FOURTH,PALM BEACH,"September 18, 2013",1817,THURSDAY,9394 WEST PALM BEACH,0694,Y,45TH ST,,0.038,W,0,0,26.75918,-80.092911,93510000,0.966,,,,L LEFT,1 THRU LANE 1,U UNNWN,,05 LOCAL,01 NON-JUNCTION,01 ON ROADWAY,01 NOT AT INTERSECTION,02 UNPAVED,0,"December 31, 2000",,,,0,,0,,0,,,RCI,0,,,1 NO INJURY,33 Q/C VERIFIED AS OFF-SYSTEM,0 NO,01 NOT AT INTERSECTION/RRX/BRIDGE,01 DAYLIGHT,03 RAIN,02 WET,01 LEVEL,1 STRAIGHT,UNKNOWN,"TWO-WAY, DIVIDED, POSITIVE MED",UNKNOWN,NO CONTROLS,,NONE,NOT CODED,NOT CODED,NONE,NOT CODED,NOT CODED,14 MOTOR VEHICLE IN TRANSPORT,01 FRONT TO REAR,88 UNKNOWN,OTHER CONTRIBUTING ACTION,NO CONTRIBUTING ACTION,00 NOT CODED,00 NOT CODED,00 NOT CODED,00 NOT CODED,01 NO,0,0,0,0,2,0,2,4,N,N,N,N,N,N,N,N,N,N,N,N,N,N,N,N,N,N,N,N,N,N,N,N,N,N,26.759180404,-80.092910987,590190.179191,2960084.171304,L,U,ARBM15Q1R2,"February 27, 2022",304557,-8915902.36537375,3093417.2214061506
2013830839200,2013,830839200,20130001799,CITY POLICE DEPARTMENT,04 FOURTH,PALM BEACH,"January 30, 2013",1524,THURSDAY,9394 WEST PALM BEACH,0694,Y,45TH ST,SOUTH PL,0.009,W,0,0,26.757589,-80.082549,93510000,1.631,,,,R RIGHT,1 THRU LANE 1,U UNNWN,,04 COUNTY,01 NON-JUNCTION,01 ON ROADWAY,01 NOT AT INTERSECTION,03 CURB,0,"December 31, 2000",,,,0,,0,,0,,,RCI,0,,,1 NO INJURY,33 Q/C VERIFIED AS OFF-SYSTEM,0 NO,01 NOT AT INTERSECTION/RRX/BRIDGE,01 DAYLIGHT,02 CLOUDY,01 DRY,01 LEVEL,1 STRAIGHT,UNKNOWN,"TWO-WAY, DIVIDED, POSITIVE MED",UNKNOWN,NO CONTROLS,,NONE,NOT CODED,NOT CODED,NONE,NOT CODED,NOT CODED,14 MOTOR VEHICLE IN TRANSPORT,03 ANGLE,88 UNKNOWN,OTHER CONTRIBUTING ACTION,NO CONTRIBUTING ACTION,00 NOT CODED,00 NOT CODED,00 NOT CODED,00 NOT CODED,01 NO,0,0,0,0,2,0,2,2,N,N,N,N,N,N,N,N,N,N,N,N,N,N,N,N,N,N,N,N,N,N,N,N,N,N,26.75758799,-80.082550252,591221.651991,2959915.175227,R,U,ARBM15Q1R2,"February 27, 2022",304609,-8914749.013292119,3093218.695066521
2013830841480,2013,830841480,20130002767,CITY POLICE DEPARTMENT,04 FOURTH,PALM BEACH,"February 14, 2013",1622,FRIDAY,9394 WEST PALM BEACH,0694,Y,JOG RD,OKEECHOBEE BLVD,0.038,N,0,0,26.7079583,-80.1516625,93280000,3.034,03728,SR 704,,T SIDE RD LEFT,1 THRU LANE 1,S SOUTH,30 URBAN 6+LN 2WY DIVD RASD,04 COUNTY,04 DRIVEWAY/ALLEY ACCESS RELATED,01 ON ROADWAY,01 NOT AT INTERSECTION,03 CURB,42,"January 30, 2011",14 URBAN PRIN ART OTHER,48,PAVED,5,CURB&GUTTER,2,,0,35,52500,RCI,5,,50,2 POSSIBLE INJURY,31 Q/C COMPLETED - LOC VERIFIED,0 NO,04 DRIVEWAY ACCESS,01 DAYLIGHT,03 RAIN,02 WET,01 LEVEL,1 STRAIGHT,"TWO-WAY, DIVIDED, POSITIVE MED","TWO-WAY, DIVIDED, POSITIVE MED",STOP SIGN,NO CONTROLS,8,NONE,NOT CODED,NOT CODED,NONE,NOT CODED,NOT CODED,14 MOTOR VEHICLE IN TRANSPORT,03 ANGLE,03 TURNING LEFT,FAILED TO YIELD RIGHT-OF-WAY,NO CONTRIBUTING ACTION,00 NOT CODED,00 NOT CODED,00 NOT CODED,00 NOT CODED,01 NO,1,0,0,0,2,0,2,3,N,N,N,N,N,N,N,N,N,N,N,N,N,N,N,N,N,N,N,N,N,N,N,N,N,N,26.708144141,-80.15170642,584381.645694,2954390.952484,L,,ARBM15Q1R2,"February 27, 2022",304623,-8922447.44471926,3087055.9104715586
2013830841510,2013,830841510,20130002772,CITY POLICE DEPARTMENT,04 FOURTH,PALM BEACH,"February 14, 2013",1745,FRIDAY,9394 WEST PALM BEACH,0694,Y,SR 805,ALHAMBRA PL,0.001,N,0,0,26.6484291,-80.056224,93050000,3.952,00089,SR 805,US 1,L LEFT,2 THRU LANE 2,S SOUTH,21 URBAN 4-5LN 2WY DIVD PAVD,03 STATE,02 INTERSECTION,01 ON ROADWAY,01 NOT AT INTERSECTION,03 CURB,36,"April 12, 2011",16 URBAN MINOR ART,24,CURB&GUTTER,2,,0,,0,12,21500,RCI,11,,35,2 POSSIBLE INJURY,31 Q/C COMPLETED - LOC VERIFIED,0 NO,02 AT INTERSECTION,01 DAYLIGHT,03 RAIN,02 WET,01 LEVEL,1 STRAIGHT,"TWO-WAY, NOT DIVIDED",,TRAFFIC CONTROL SIGNAL,NOT CODED,4,NONE,NOT CODED,NOT CODED,WEATHER CONDITIONS,NOT CODED,NOT CODED,06 FELL/JUMPED FROM MOTOR VEHICLE,77 OTHER (SEE NARRATIVE),01 STRAIGHT AHEAD,OTHER CONTRIBUTING ACTION,NOT CODED,00 NOT CODED,00 NOT CODED,00 NOT CODED,00 NOT CODED,01 NO,1,0,0,0,1,0,1,1,N,N,N,Y,N,N,N,N,N,N,N,N,N,N,N,N,N,N,N,N,N,N,N,N,N,N,26.648384752,-80.056244791,593926.871162,2947838.563727,C,,ARBM15Q1R2,"February 27, 2022",304624,-8911820.701515006,3079610.9458046607
2013830846880,2013,830846880,20130004850,CITY POLICE DEPARTMENT,04 FOURTH,PALM BEACH,"March 21, 2013",1658,FRIDAY,9394 WEST PALM BEACH,0694,Y,HENRIETTA AVE,14TH ST,0,E,0,0,26.726361,-80.057254,93A11238,0.448,,,,I INTERSECTION,M MIDDLE,N NORTH,,05 LOCAL,02 INTERSECTION,01 ON ROADWAY,03 T-INTERSECTION,03 CURB,0,"December 31, 2000",,,,0,,0,,0,,,RCI,0,,,2 POSSIBLE INJURY,33 Q/C VERIFIED AS OFF-SYSTEM,0 NO,02 AT INTERSECTION,01 DAYLIGHT,02 CLOUDY,01 DRY,01 LEVEL,1 STRAIGHT,ONE-WAY TRAFFICWAY,ONE-WAY TRAFFICWAY,NO CONTROLS,NO CONTROLS,,NONE,NOT CODED,NOT CODED,NONE,NOT CODED,NOT CODED,14 MOTOR VEHICLE IN TRANSPORT,03 ANGLE,11 OVERTAKING/PASSING,OPERATED MV IN CARLESS OR NEGL,NO CONTRIBUTING ACTION,00 NOT CODED,00 NOT CODED,00 NOT CODED,00 NOT CODED,01 NO,3,0,0,0,2,0,2,3,N,N,N,Y,N,Y,Y,N,N,N,N,Y,N,N,N,N,Y,N,N,N,N,N,N,N,N,N,26.726361062,-80.057257425,593762.252525,2956474.733785,O,U,ARBM15Q1R2,"February 27, 2022",304625,-8911933.427680481,3089326.194193954
2013832244640,2013,832244640,FHPL13OFF009443,FLORIDA HIGHWAY PATROL,04 FOURTH,PALM BEACH,"February 14, 2013",0333,FRIDAY,9394 WEST PALM BEACH,0694,Y,SR 9,SR 80,0.25,S,26.679495,-80.0734167,26.6717223,-80.0701035,93220000,24.651,04887,SR 9,I 95,M MEDIAN,M MIDDLE,N NORTH,01 INTERSTATE URBAN,01 INTERSTATE,01 NON-JUNCTION,01 ON ROADWAY,01 NOT AT INTERSECTION,01 PAVED,32,"September 8, 2013",11 URBAN PRIN ART INT.,64,PAVED WARN,10,VALLEY GUTR,3,,0,32,208000,RCI,7.5,,65,1 NO INJURY,31 Q/C COMPLETED - LOC VERIFIED,0 NO,01 NOT AT INTERSECTION/RRX/BRIDGE,04 DARK-LIGHTED,03 RAIN,02 WET,01 LEVEL,1 STRAIGHT,"TWO-WAY, DIVIDED, POSITIVE MED",,NO CONTROLS,NOT CODED,10,NONE,NOT CODED,NOT CODED,WEATHER CONDITIONS,NOT CODED,NOT CODED,30 CONCRETE TRAFFIC BARRIER,77 OTHER (SEE NARRATIVE),01 STRAIGHT AHEAD,OPERATED MV IN CARLESS OR NEGL,NOT CODED,00 NOT CODED,00 NOT CODED,00 NOT CODED,00 NOT CODED,01 NO,0,0,0,0,1,0,1,1,N,N,N,N,Y,N,N,N,N,N,Y,N,N,N,N,N,N,N,N,N,N,N,N,N,N,N,26.671488812,-80.070173117,592521.950225,2950387.463744,R,,ARBM15Q1R2,"February 27, 2022",304639,-8913371.196266694,3082488.8411774333
2013830858960,2013,830858960,20130010427,CITY POLICE DEPARTMENT,04 FOURTH,PALM BEACH,"June 17, 2013",0818,TUESDAY,9394 WEST PALM BEACH,0694,Y,N CONGRESS AVE,45TH ST,0.001,S,0,0,26.758762,-80.086281,93250500,4.982,,,,R RIGHT,L LEFT TURN,N NORTH,,04 COUNTY,02 INTERSECTION,01 ON ROADWAY,02 FOUR-WAY INTERSECTION,03 CURB,0,"December 31, 2000",19 URBAN LOCAL,,,0,,0,,0,,,RCI,0,,,5 FATAL(WITHIN 30 DAYS) INJURY,33 Q/C VERIFIED AS OFF-SYSTEM,0 NO,02 AT INTERSECTION,01 DAYLIGHT,01 CLEAR,01 DRY,01 LEVEL,1 STRAIGHT,"TWO-WAY, DIVIDED, POSITIVE MED",,TRAFFIC CONTROL SIGNAL,NOT CODED,4,"RUT, HOLES, BUMPS",NOT CODED,NOT CODED,NONE,NOT CODED,NOT CODED,06 FELL/JUMPED FROM MOTOR VEHICLE,77 OTHER (SEE NARRATIVE),03 TURNING LEFT,OTHER CONTRIBUTING ACTION,NOT CODED,00 NOT CODED,00 NOT CODED,00 NOT CODED,00 NOT CODED,01 NO,0,1,0,0,1,0,1,1,N,N,N,Y,N,N,N,N,N,N,N,N,N,N,N,N,N,N,N,N,N,Y,Y,N,N,N,26.758761832,-80.086278369,590850.014465,2960042.52723,R,U,ARBM15Q1R2,"February 27, 2022",304737,-8915164.025375525,3093365.037727317
2013830858990,2013,830858990,20130010448,CITY POLICE DEPARTMENT,04 FOURTH,PALM BEACH,"June 17, 2013",1501,TUESDAY,9394 WEST PALM BEACH,0694,Y,PALM BEACH LAKES BLVD,VILLAGE BLVD,0.189,E,0,0,26.713862,-80.094186,93014500,0.637,,,,L LEFT,3 THRU LANE 3,W WEST,,05 LOCAL,01 NON-JUNCTION,01 ON ROADWAY,01 NOT AT INTERSECTION,03 CURB,0,"December 31, 2000",,,,0,,0,,0,,,RCI,0,,,4 INCAPACITATING INJURY,33 Q/C VERIFIED AS OFF-SYSTEM,0 NO,01 NOT AT INTERSECTION/RRX/BRIDGE,01 DAYLIGHT,01 CLEAR,01 DRY,01 LEVEL,1 STRAIGHT,"TWO-WAY, DIVIDED, POSITIVE MED","TWO-WAY, NOT DIVIDED",NO CONTROLS,NO CONTROLS,,NONE,NOT CODED,NOT CODED,NONE,NOT CODED,NOT CODED,14 MOTOR VEHICLE IN TRANSPORT,01 FRONT TO REAR,01 STRAIGHT AHEAD,FOLLOWED TOO CLOSELY,NO CONTRIBUTING ACTION,00 NOT CODED,00 NOT CODED,00 NOT CODED,00 NOT CODED,01 NO,1,0,1,0,2,0,2,2,N,N,N,N,N,N,N,N,N,N,N,N,N,N,N,N,N,N,N,N,N,N,N,N,N,N,26.713860912,-80.094184486,590099.257148,2955063.529661,L,U,ARBM15Q1R2,"February 27, 2022",304738,-8916044.130542718,3087768.3239869997
2013830859050,2013,830859050,20130010467,CITY POLICE DEPARTMENT,04 FOURTH,PALM BEACH,"June 17, 2013",1909,TUESDAY,9394 WEST PALM BEACH,0694,Y,SR A1A,OLIVE AVE,0,,0,0,26.7184129,-80.0517904,93060000,28.786,00268,SR A1A,,R RIGHT,1 THRU LANE 1,N NORTH,05 URBAN OTHER LIMITED ACCESS,05 LOCAL,02 INTERSECTION,01 ON ROADWAY,02 FOUR-WAY INTERSECTION,03 CURB,32,"June 7, 2011",17 URBAN MAJOR COLLECTOR,40,PAVED,6,CURB&GUTTER,2,,0,,12700,RCI,7.4,,35,1 NO INJURY,31 Q/C COMPLETED - LOC VERIFIED,0 NO,02 AT INTERSECTION,01 DAYLIGHT,01 CLEAR,01 DRY,01 LEVEL,1 STRAIGHT,ONE-WAY TRAFFICWAY,"TWO-WAY, NOT DIVIDED",TRAFFIC CONTROL SIGNAL,TRAFFIC CONTROL SIGNAL,4,OTHER (SEE NARRATIVE),NOT CODED,NOT CODED,NONE,NOT CODED,NOT CODED,14 MOTOR VEHICLE IN TRANSPORT,77 OTHER (SEE NARRATIVE),01 STRAIGHT AHEAD,RAN RED LIGHT,NO CONTRIBUTING ACTION,00 NOT CODED,00 NOT CODED,00 NOT CODED,00 NOT CODED,01 NO,0,0,0,0,2,0,2,2,N,N,N,Y,N,N,N,N,N,N,N,N,N,N,N,N,N,N,N,N,N,N,N,N,N,N,26.71844515,-80.051783807,594313.196797,2955601.976748,C,,ARBM15Q1R2,"February 27, 2022",304739,-8911324.107146325,3088339.62907483
2013830846900,2013,830846900,20130004886,CITY POLICE DEPARTMENT,04 FOURTH,PALM BEACH,"March 22, 2013",0913,SATURDAY,9394 WEST PALM BEACH,0694,Y,PALM BEACH LAKES BLVD,EXCHANGE CT,0.008,E,0,0,26.70812,-80.099076,93014500,0.132,,,,R RIGHT,3 THRU LANE 3,U UNNWN,,77 ALL OTHER,01 NON-JUNCTION,01 ON ROADWAY,77 OTHER (SEE NARRATIVE),01 PAVED,0,"December 31, 2000",,,,0,,0,,0,,,RCI,0,,,1 NO INJURY,33 Q/C VERIFIED AS OFF-SYSTEM,0 NO,01 NOT AT INTERSECTION/RRX/BRIDGE,01 DAYLIGHT,01 CLEAR,01 DRY,01 LEVEL,1 STRAIGHT,UNKNOWN,"TWO-WAY, DIVIDED, UNPROTECTED",UNKNOWN,UNKNOWN,,NONE,NOT CODED,NOT CODED,NONE,NOT CODED,NOT CODED,01 OVERTURN/ROLLOVER,01 FRONT TO REAR,88 UNKNOWN,NOT CODED,OTHER CONTRIBUTING ACTION,00 NOT CODED,00 NOT CODED,00 NOT CODED,00 NOT CODED,01 NO,0,0,0,0,1,0,2,1,N,N,N,N,N,N,N,N,N,N,N,N,N,N,N,N,N,N,N,N,N,N,N,N,N,N,26.708119361,-80.099075077,589617.273063,2954424.130636,R,U,ARBM15Q1R2,"February 27, 2022",304753,-8916588.548673026,3087052.8226561774
2013830846910,2013,830846910,20130004887,CITY POLICE DEPARTMENT,04 FOURTH,PALM BEACH,"March 22, 2013",0904,SATURDAY,9394 WEST PALM BEACH,0694,Y,CUMBERLAND DR,N MILITARY TRL,0.095,E,0,0,26.748988,-80.107711,93000275,0.105,,,,M MEDIAN,M MIDDLE,E EAST,,05 LOCAL,01 NON-JUNCTION,02 OFF ROADWAY,01 NOT AT INTERSECTION,03 CURB,0,"December 31, 2000",,,,0,,0,,0,,,RCI,0,,,4 INCAPACITATING INJURY,33 Q/C VERIFIED AS OFF-SYSTEM,0 NO,01 NOT AT INTERSECTION/RRX/BRIDGE,01 DAYLIGHT,02 CLOUDY,01 DRY,01 LEVEL,1 STRAIGHT,"TWO-WAY, DIVIDED, POSITIVE MED",,NO CONTROLS,NOT CODED,,NONE,NOT CODED,NOT CODED,NONE,NOT CODED,NOT CODED,33 UTILITY POLE/LIGHT SUPPORT,77 OTHER (SEE NARRATIVE),01 STRAIGHT AHEAD,OPERATED MV IN CARLESS OR NEGL,NOT CODED,00 NOT CODED,00 NOT CODED,00 NOT CODED,00 NOT CODED,01 NO,1,0,1,0,1,0,1,1,N,N,N,N,Y,N,N,N,N,N,N,N,N,N,N,N,N,N,N,N,N,N,N,N,N,N,26.748988562,-80.107711093,588726.475028,2958944.883194,R,U,ARBM15Q1R2,"February 27, 2022",304754,-8917549.906081133,3092146.651879168
2013832244690,2013,832244690,FHPL13OFF014110,FLORIDA HIGHWAY PATROL,04 FOURTH,PALM BEACH,"March 7, 2013",0155,FRIDAY,9394 WEST PALM BEACH,0694,Y,SR 9,PBL BLVD,0.009,S,26.72029,-80.0875383,26.7192398,-80.0888469,93220070,0.209,04376,SR 9,I 95,R RIGHT,X RAMP,N NORTH,07 RAMP URBAN,01 INTERSTATE,01 NON-JUNCTION,01 ON ROADWAY,01 NOT AT INTERSECTION,01 PAVED,0,"December 31, 2000",,47,PAVED,10,LAWN,12,,0,,12500,RCI,4.8,,,2 POSSIBLE INJURY,31 Q/C COMPLETED - LOC VERIFIED,0 NO,08 EXIT RAMP,05 DARK-NOT LIGHTED,01 CLEAR,01 DRY,01 LEVEL,1 STRAIGHT,"TWO-WAY, DIVIDED, POSITIVE MED","TWO-WAY, DIVIDED, POSITIVE MED",NO CONTROLS,NO CONTROLS,4,NONE,NOT CODED,NOT CODED,NONE,NOT CODED,NOT CODED,14 MOTOR VEHICLE IN TRANSPORT,01 FRONT TO REAR,01 STRAIGHT AHEAD,OPERATED MV IN CARLESS OR NEGL,NO CONTRIBUTING ACTION,00 NOT CODED,00 NOT CODED,00 NOT CODED,00 NOT CODED,01 NO,1,0,0,0,2,0,2,3,N,N,N,N,N,N,N,N,N,N,Y,N,N,N,N,N,N,N,N,N,N,N,N,N,N,N,26.719237973,-80.088844855,590626.145522,2955662.896275,O,,ARBM15Q1R2,"February 27, 2022",304771,-8915449.7253807,3088438.436048101
2013832244700,2013,832244700,FHPL13OFF014509,FLORIDA HIGHWAY PATROL,04 FOURTH,PALM BEACH,"March 8, 2013",2312,SATURDAY,9394 WEST PALM BEACH,0694,Y,I 95,BELVEDERE RD,0.019,S,26.6900029,-80.0671212,26.6901703,-80.0665268,93220000,25.957,05233,SR 9,I 95,L LEFT,2 THRU LANE 2,S SOUTH,01 INTERSTATE URBAN,01 INTERSTATE,01 NON-JUNCTION,01 ON ROADWAY,01 NOT AT INTERSECTION,01 PAVED,32,"September 8, 2013",11 URBAN PRIN ART INT.,64,PAVED,10,,0,,0,32,191500,RCI,7.5,3D0000,65,1 NO INJURY,31 Q/C COMPLETED - LOC VERIFIED,0 NO,01 NOT AT INTERSECTION/RRX/BRIDGE,04 DARK-LIGHTED,01 CLEAR,01 DRY,01 LEVEL,1 STRAIGHT,"TWO-WAY, DIVIDED, POSITIVE MED","TWO-WAY, DIVIDED, POSITIVE MED",NO CONTROLS,NO CONTROLS,10,NONE,NOT CODED,NOT CODED,NONE,NOT CODED,NOT CODED,18 OTHER NON-FIXED OBJECT,77 OTHER (SEE NARRATIVE),01 STRAIGHT AHEAD,NO CONTRIBUTING ACTION,NO CONTRIBUTING ACTION,00 NOT CODED,00 NOT CODED,00 NOT CODED,00 NOT CODED,01 NO,0,0,0,0,2,0,2,2,N,N,N,N,N,N,N,N,N,N,N,N,N,N,N,N,Y,N,N,N,N,Y,N,N,N,Y,26.6898925,-80.066987394,592824.054601,2952428.225385,L,,ARBM15Q1R2,"February 27, 2022",304772,-8913016.563111596,3084781.664583532
2013830859150,2013,830859150,20130010496,CITY POLICE DEPARTMENT,04 FOURTH,PALM BEACH,"June 18, 2013",0817,WEDNESDAY,9394 WEST PALM BEACH,0694,Y,LAKE AVE,BELVEDERE RD,0.013,S,0,0,26.690283,-80.060505,93000043,0.994,,,,R RIGHT,1 THRU LANE 1,W WEST,,05 LOCAL,04 DRIVEWAY/ALLEY ACCESS RELATED,01 ON ROADWAY,01 NOT AT INTERSECTION,03 CURB,0,"December 31, 2000",,,,0,,0,,0,,,RCI,0,,,1 NO INJURY,33 Q/C VERIFIED AS OFF-SYSTEM,0 NO,04 DRIVEWAY ACCESS,01 DAYLIGHT,02 CLOUDY,01 DRY,01 LEVEL,1 STRAIGHT,"TWO-WAY, NOT DIVIDED",UNKNOWN,NO CONTROLS,UNKNOWN,,NONE,NOT CODED,NOT CODED,NONE,NOT CODED,NOT CODED,14 MOTOR VEHICLE IN TRANSPORT,03 ANGLE,05 TURNING RIGHT,FAILED TO YIELD RIGHT-OF-WAY,OTHER CONTRIBUTING ACTION,00 NOT CODED,00 NOT CODED,00 NOT CODED,00 NOT CODED,01 NO,0,0,0,0,2,0,2,2,N,N,N,N,N,N,N,N,N,N,N,N,N,N,N,N,N,N,N,N,N,N,N,N,N,N,26.690282952,-80.060502984,593468.895127,2952476.208705,C,U,ARBM15Q1R2,"February 27, 2022",304969,-8912294.721679915,3084830.3129572007
2013830864320,2013,830864320,20130012835,CITY POLICE DEPARTMENT,04 FOURTH,PALM BEACH,"July 27, 2013",1614,SUNDAY,9394 WEST PALM BEACH,0694,Y,LAKE AVE,MCINTOSH ST,0,E,0,0,26.668121,-80.061319,93000042,0.89,,,,I INTERSECTION,M MIDDLE,E EAST,,05 LOCAL,02 INTERSECTION,01 ON ROADWAY,02 FOUR-WAY INTERSECTION,03 CURB,0,"December 31, 2000",,,,0,,0,,0,,,RCI,0,,,2 POSSIBLE INJURY,33 Q/C VERIFIED AS OFF-SYSTEM,0 NO,02 AT INTERSECTION,01 DAYLIGHT,01 CLEAR,01 DRY,01 LEVEL,1 STRAIGHT,"TWO-WAY, NOT DIVIDED","TWO-WAY, NOT DIVIDED",STOP SIGN,NO CONTROLS,,NONE,NOT CODED,NOT CODED,NONE,NOT CODED,NOT CODED,14 MOTOR VEHICLE IN TRANSPORT,03 ANGLE,01 STRAIGHT AHEAD,FAILED TO YIELD RIGHT-OF-WAY,NO CONTRIBUTING ACTION,00 NOT CODED,00 NOT CODED,00 NOT CODED,00 NOT CODED,01 NO,1,0,0,0,2,0,2,3,N,N,N,Y,N,N,N,N,N,N,N,N,N,N,N,N,N,N,N,N,N,Y,N,N,N,Y,26.668125085,-80.061317334,593405.9276,2950021.3379,C,U,ARBM15Q1R2,"February 27, 2022",304970,-8912385.374665415,3082069.811295371
2013830864450,2013,830864450,20130012931,CITY POLICE DEPARTMENT,04 FOURTH,PALM BEACH,"July 29, 2013",0622,TUESDAY,9394 WEST PALM BEACH,0694,Y,N CONGRESS AVE,45TH ST,0,E,0,0,26.758952,-80.086465,93250500,4.991,,,,I INTERSECTION,M MIDDLE,S SOUTH,,04 COUNTY,02 INTERSECTION,01 ON ROADWAY,02 FOUR-WAY INTERSECTION,03 CURB,0,"December 31, 2000",,,,0,,0,,0,,,RCI,0,,,3 NO-INCAPACITATING INJURY,33 Q/C VERIFIED AS OFF-SYSTEM,0 NO,02 AT INTERSECTION,01 DAYLIGHT,01 CLEAR,01 DRY,01 LEVEL,1 STRAIGHT,"TWO-WAY, DIVIDED, POSITIVE MED","TWO-WAY, DIVIDED, POSITIVE MED",TRAFFIC CONTROL SIGNAL,TRAFFIC CONTROL SIGNAL,,NONE,NOT CODED,NOT CODED,NONE,NOT CODED,NOT CODED,14 MOTOR VEHICLE IN TRANSPORT,03 ANGLE,03 TURNING LEFT,OTHER CONTRIBUTING ACTION,OTHER CONTRIBUTING ACTION,00 NOT CODED,00 NOT CODED,00 NOT CODED,00 NOT CODED,01 NO,1,0,0,0,2,0,2,2,N,N,N,Y,N,N,N,N,N,N,N,N,N,N,N,N,N,N,N,N,Y,Y,N,N,N,Y,26.758955063,-80.086467324,590831.0723,2960063.7953,L,U,ARBM15Q1R2,"February 27, 2022",304971,-8915185.059832498,3093389.1279380275
2013830864460,2013,830864460,20130012933,CITY POLICE DEPARTMENT,04 FOURTH,PALM BEACH,"July 29, 2013",0710,TUESDAY,9394 WEST PALM BEACH,0694,Y,N CONGRESS AVE,45TH ST,0,N,0,0,26.758776,-80.08628,93250500,4.983,,,,R RIGHT,1 THRU LANE 1,N NORTH,,04 COUNTY,77 OTHER (SEE NARRATIVE),01 ON ROADWAY,77 OTHER (SEE NARRATIVE),03 CURB,0,"December 31, 2000",,,,0,,0,,0,,,RCI,0,,,1 NO INJURY,33 Q/C VERIFIED AS OFF-SYSTEM,0 NO,77 ALL OTHER,01 DAYLIGHT,02 CLOUDY,02 WET,01 LEVEL,3 CURVE LEFT,"TWO-WAY, DIVIDED, POSITIVE MED","TWO-WAY, DIVIDED, POSITIVE MED",TRAFFIC CONTROL SIGNAL,TRAFFIC CONTROL SIGNAL,,NONE,NOT CODED,NOT CODED,NONE,NOT CODED,NOT CODED,14 MOTOR VEHICLE IN TRANSPORT,01 FRONT TO REAR,01 STRAIGHT AHEAD,OPERATED MV IN CARLESS OR NEGL,OTHER CONTRIBUTING ACTION,00 NOT CODED,00 NOT CODED,00 NOT CODED,00 NOT CODED,01 NO,0,0,0,0,2,0,2,2,N,N,N,N,N,N,N,N,N,N,Y,N,N,N,N,N,N,N,N,N,N,N,N,N,N,N,26.758775753,-80.086277247,590850.114882,2960044.069967,R,U,ARBM15Q1R2,"February 27, 2022",304972,-8915163.90057785,3093366.7733280603