Crash Id,Calendar Year,FDOT Crash Number,Reporting Agency Case Number,Reporting Agency Type,FDOT Managing District,County Name,Crash Date,Crash Time,Day,DHSMV City,Crash Report City Code,In Town,On Roadway Name,Int Roadway Name,Reference Distance (Miles),Reference Direction,Officer Latitude,Officer Longitude,FDOT Latitude,FDOT Longitude,FDOT Roadway,Nearest Inventory MP,Nearest Node From Crash,State Road #,US Highway,Crash Side of Road,Accident Lane Number,Travel Direction Vehicle 1,FDOT Road Category,DHSMV Road System Id,Relation to Junction,Crash Harmful Event Location,Intersection Type,Shoulder Type,FDOT Roadway SKID Test Result,FDOT Roadway SKID Test Date,Functional Class,RCI Surface Width,RCI Shoulder Type First,RCI Shoulder Width First,RCI Shoulder Type Second,RCI Shoulder Width Second,RCI Shoulder Type Third,RCI Shoulder Width Third,RCI Median Width,Avg Daily Traffic,AADT Source,RCI Avg Per Truck Traffic,RCI Horiz Curve Condition,Posted Speed Limit,Highest Injury in Crash,CAR Status Code,Alcohols/Drug Involved,Site Location,Lighting,Weather,Road Surface,Roadway Grade,Roadway Alignment,Traffic Way Vehicle 1,Traffic Way Vehicle 2,Traffic Control Vehicle 1,Traffic Control Vehicle 2,Count of Lanes,Road Condition 1,Road Condition 2,Road Condition 3,Environment Condition 1,Environment Condition 2,Environment Condition 3,Crash Harmful Event,Manner of Collision,Vehicle Movement,Driver Action Vehicle 1,Driver Action Vehicle 2,Location Within Workzone,Type of Workzone,Workers Present in Workzone,Law Enforcement Present in Workzone,School Bus Related,Count of Nonfatal Injuries,Count of Traffic Fatalities,Count of Serious Injuries,Count of Pedestrians,Count of Drivers,Count of Bicyclists,Count of Vehicles,Count of Persons,Wrong Way,Workzone Inv,Commercial Vehicle Inv,Intersection Inv,Lane Departure,Speeding,Agressive Driving,Impaired Driver,Impaired Pedestrian,Impaired Bicyclist,Distracted Driver,Speeding or Aggressive Driving,Pedestrian Related,Bicyclist Related,Pedestrian or Bicyclist Related,Motorcycle Inv,No Belt,No Belt - Ages 1-4,No Belt - Ages 5-12,No Belt - Ages 13-17,Driver - Ages Teen,Driver - Ages 65 plus,Driver - Ages 65-69,Driver - Ages 70-74,Driver - Ages 75-79,Driver - Ages 80 plus,ARBM Latitude,ARBM Longitude,UTM Zone 17N X,UTM Zone 17N Y,ARBM Side of Road,Urban Rural Indicator,GIS Street Source,Extract Date,OBJECTID,x,y
2013830864470,2013,830864470,20130012936,CITY POLICE DEPARTMENT,04 FOURTH,PALM BEACH,"July 29, 2013",0819,TUESDAY,9394 WEST PALM BEACH,0694,Y,PALM BEACH LAKES BLVD,N TAMARIND AVE,0,E,0,0,26.724657,-80.061647,93014501,0.304,,,,I INTERSECTION,M MIDDLE,S SOUTH,,05 LOCAL,02 INTERSECTION,01 ON ROADWAY,02 FOUR-WAY INTERSECTION,03 CURB,0,"December 31, 2000",,,,0,,0,,0,,,RCI,0,,,3 NO-INCAPACITATING INJURY,33 Q/C VERIFIED AS OFF-SYSTEM,0 NO,02 AT INTERSECTION,01 DAYLIGHT,01 CLEAR,01 DRY,01 LEVEL,1 STRAIGHT,"TWO-WAY, NOT DIVIDED","TWO-WAY, NOT DIVIDED",TRAFFIC CONTROL SIGNAL,TRAFFIC CONTROL SIGNAL,,NONE,NOT CODED,NOT CODED,NONE,NOT CODED,NOT CODED,01 OVERTURN/ROLLOVER,03 ANGLE,01 STRAIGHT AHEAD,OTHER CONTRIBUTING ACTION,NO CONTRIBUTING ACTION,00 NOT CODED,00 NOT CODED,00 NOT CODED,00 NOT CODED,01 NO,1,0,0,0,2,0,2,3,N,N,N,Y,N,N,N,N,N,N,N,N,N,N,N,N,N,N,N,N,N,N,N,N,N,N,26.724655065,-80.061647048,593327.042597,2956282.547478,C,U,ARBM15Q1R2,"February 27, 2022",304973,-8912422.07843134,3089113.568893813
2013830864600,2013,830864600,20130012993,CITY POLICE DEPARTMENT,04 FOURTH,PALM BEACH,"July 29, 2013",2200,TUESDAY,9394 WEST PALM BEACH,0694,Y,OKEECHOBEE BLVD,CONGRESS AVE,0.002,W,0,0,26.7062845,-80.0862854,93280000,7.073,01744,SR 704,,R RIGHT,4 THRU LANE 4,E EAST,30 URBAN 6+LN 2WY DIVD RASD,03 STATE,02 INTERSECTION,01 ON ROADWAY,02 FOUR-WAY INTERSECTION,03 CURB,36,"December 1, 2013",14 URBAN PRIN ART OTHER,44,PAVED,3,CURB&GUTTER,2,,0,29,45500,RCI,4.8,,45,1 NO INJURY,31 Q/C COMPLETED - LOC VERIFIED,0 NO,02 AT INTERSECTION,04 DARK-LIGHTED,01 CLEAR,01 DRY,01 LEVEL,1 STRAIGHT,UNKNOWN,"TWO-WAY, DIVIDED, POSITIVE MED",UNKNOWN,TRAFFIC CONTROL SIGNAL,8,NONE,NOT CODED,NOT CODED,NONE,NOT CODED,NOT CODED,14 MOTOR VEHICLE IN TRANSPORT,01 FRONT TO REAR,88 UNKNOWN,OTHER CONTRIBUTING ACTION,NO CONTRIBUTING ACTION,00 NOT CODED,00 NOT CODED,00 NOT CODED,00 NOT CODED,01 NO,0,0,0,0,2,0,2,2,N,N,N,Y,N,N,N,N,N,N,N,N,N,N,N,N,N,N,N,N,N,N,N,N,N,N,26.7062429,-80.086355193,590884.105577,2954225.294314,R,,ARBM15Q1R2,"February 27, 2022",304974,-8915172.577266326,3086818.9895092286
2013830864670,2013,830864670,20130012913,CITY POLICE DEPARTMENT,04 FOURTH,PALM BEACH,"July 28, 2013",1816,MONDAY,9394 WEST PALM BEACH,0694,Y,45TH ST,METROCENTRE BLVD N,0.009,W,0,0,26.759193,-80.096819,93510000,0.725,,,,R RIGHT,2 THRU LANE 2,E EAST,,04 COUNTY,01 NON-JUNCTION,01 ON ROADWAY,01 NOT AT INTERSECTION,03 CURB,0,"December 31, 2000",,,,0,,0,,0,,,RCI,0,,,1 NO INJURY,33 Q/C VERIFIED AS OFF-SYSTEM,0 NO,01 NOT AT INTERSECTION/RRX/BRIDGE,01 DAYLIGHT,02 CLOUDY,01 DRY,01 LEVEL,1 STRAIGHT,"TWO-WAY, DIVIDED, POSITIVE MED","TWO-WAY, DIVIDED, POSITIVE MED",NO CONTROLS,NO CONTROLS,,NONE,NOT CODED,NOT CODED,NONE,NOT CODED,NOT CODED,14 MOTOR VEHICLE IN TRANSPORT,01 FRONT TO REAR,01 STRAIGHT AHEAD,OPERATED MV IN CARLESS OR NEGL,NO CONTRIBUTING ACTION,00 NOT CODED,00 NOT CODED,00 NOT CODED,00 NOT CODED,01 NO,0,0,0,0,2,0,2,2,N,N,N,N,N,N,N,N,N,N,N,N,N,N,N,N,N,N,N,N,N,N,N,N,N,N,26.759191386,-80.096819083,589801.576503,2960082.623545,R,U,ARBM15Q1R2,"February 27, 2022",304975,-8916337.412767906,3093418.5905206
2013830839400,2013,830839400,20130001875,CITY POLICE DEPARTMENT,04 FOURTH,PALM BEACH,"January 31, 2013",1846,FRIDAY,9394 WEST PALM BEACH,0694,Y,N JOG RD,OKEECHOBEE BLVD,0.155,N,0,0,26.710392,-80.151911,93000220,1.33,,,,R RIGHT,1 THRU LANE 1,U UNNWN,,05 LOCAL,04 DRIVEWAY/ALLEY ACCESS RELATED,01 ON ROADWAY,01 NOT AT INTERSECTION,03 CURB,0,"December 31, 2000",,,,0,,0,,0,,,RCI,0,,,1 NO INJURY,33 Q/C VERIFIED AS OFF-SYSTEM,0 NO,04 DRIVEWAY ACCESS,04 DARK-LIGHTED,02 CLOUDY,01 DRY,01 LEVEL,1 STRAIGHT,"TWO-WAY, DIVIDED, POSITIVE MED","TWO-WAY, DIVIDED, POSITIVE MED",NO CONTROLS,NO CONTROLS,,NONE,NOT CODED,NOT CODED,NONE,NOT CODED,NOT CODED,14 MOTOR VEHICLE IN TRANSPORT,01 FRONT TO REAR,01 STRAIGHT AHEAD,FOLLOWED TOO CLOSELY,NO CONTRIBUTING ACTION,00 NOT CODED,00 NOT CODED,00 NOT CODED,00 NOT CODED,01 NO,0,0,0,0,2,0,2,2,N,N,N,N,N,N,N,N,N,N,N,N,N,N,N,N,N,N,N,N,N,N,N,N,N,N,26.710391915,-80.151914566,584359.283517,2954639.782499,R,U,ARBM15Q1R2,"February 27, 2022",305035,-8922470.615513336,3087336.019607149
2013830839410,2013,830839410,20130001891,CITY POLICE DEPARTMENT,04 FOURTH,PALM BEACH,"January 31, 2013",2334,FRIDAY,9394 WEST PALM BEACH,0694,Y,HANSEN ST,PARKER AVE,0.114,W,0,0,26.666711,-80.065405,93A12930,0.128,,,,L LEFT,1 THRU LANE 1,U UNNWN,,05 LOCAL,01 NON-JUNCTION,01 ON ROADWAY,01 NOT AT INTERSECTION,01 PAVED,0,"December 31, 2000",,,,0,,0,,0,,,RCI,0,,,1 NO INJURY,33 Q/C VERIFIED AS OFF-SYSTEM,0 NO,01 NOT AT INTERSECTION/RRX/BRIDGE,04 DARK-LIGHTED,01 CLEAR,01 DRY,01 LEVEL,1 STRAIGHT,"TWO-WAY, NOT DIVIDED","TWO-WAY, NOT DIVIDED",NO CONTROLS,NO CONTROLS,,NONE,NOT CODED,NOT CODED,NONE,NOT CODED,NOT CODED,15 PARKED MOTOR VEHICLE,06 REAR TO SIDE,04 BACKING,OTHER CONTRIBUTING ACTION,NOT CODED,00 NOT CODED,00 NOT CODED,00 NOT CODED,00 NOT CODED,01 NO,0,0,0,0,1,0,2,1,N,N,N,N,Y,N,N,N,N,N,N,N,N,N,N,N,N,N,N,N,N,N,N,N,N,N,26.666714458,-80.065404786,593000.317883,2949862.108278,C,U,ARBM15Q1R2,"February 27, 2022",305036,-8912840.387811642,3081894.088926288
2013830839430,2013,830839430,20130001899,CITY POLICE DEPARTMENT,04 FOURTH,PALM BEACH,"February 1, 2013",0359,SATURDAY,9394 WEST PALM BEACH,0694,Y,SR 805,HUNTER ST,0.005,N,0,0,26.6574569,-80.0559258,93050000,4.575,00101,SR 805,US 1,L LEFT,S SIDE OF ROAD,U UNNWN,22 URBAN 4-5LN 2WY UNDIVD,05 LOCAL,01 NON-JUNCTION,01 ON ROADWAY,01 NOT AT INTERSECTION,03 CURB,36,"April 12, 2011",16 URBAN MINOR ART,46,PAVED,7,CURB&GUTTER,2,,0,,21500,RCI,11,,35,1 NO INJURY,31 Q/C COMPLETED - LOC VERIFIED,0 NO,02 AT INTERSECTION,04 DARK-LIGHTED,01 CLEAR,01 DRY,01 LEVEL,1 STRAIGHT,"TWO-WAY, NOT DIVIDED",,NO CONTROLS,NOT CODED,4,NONE,NOT CODED,NOT CODED,NONE,NOT CODED,NOT CODED,24 CURB,77 OTHER (SEE NARRATIVE),77 OTHER (SEE NARRATIVE),OPERATED MV IN CARLESS OR NEGL,NOT CODED,00 NOT CODED,00 NOT CODED,00 NOT CODED,00 NOT CODED,01 NO,0,0,0,0,1,0,1,1,N,N,N,Y,N,N,N,N,N,N,Y,N,N,N,N,N,N,N,N,N,Y,N,N,N,N,N,26.657422935,-80.055930936,593950.709007,2948839.889135,C,,ARBM15Q1R2,"February 27, 2022",305037,-8911785.763412338,3080736.6934942105
2013830864860,2013,830864860,20130013065,CITY POLICE DEPARTMENT,04 FOURTH,PALM BEACH,"July 31, 2013",0830,THURSDAY,9394 WEST PALM BEACH,0694,Y,SR 704,CONGRESS AVE,0.005,W,0,0,26.7062857,-80.0863339,93280000,7.07,01744,SR 704,,R RIGHT,L LEFT TURN,U UNNWN,30 URBAN 6+LN 2WY DIVD RASD,03 STATE,01 NON-JUNCTION,01 ON ROADWAY,01 NOT AT INTERSECTION,03 CURB,36,"December 1, 2013",14 URBAN PRIN ART OTHER,44,PAVED,3,CURB&GUTTER,2,,0,29,45500,RCI,4.8,,45,1 NO INJURY,31 Q/C COMPLETED - LOC VERIFIED,0 NO,02 AT INTERSECTION,01 DAYLIGHT,01 CLEAR,01 DRY,01 LEVEL,1 STRAIGHT,UNKNOWN,"TWO-WAY, DIVIDED, POSITIVE MED",UNKNOWN,NO CONTROLS,8,NONE,NOT CODED,NOT CODED,NONE,NOT CODED,NOT CODED,14 MOTOR VEHICLE IN TRANSPORT,01 FRONT TO REAR,88 UNKNOWN,OTHER CONTRIBUTING ACTION,NO CONTRIBUTING ACTION,00 NOT CODED,00 NOT CODED,00 NOT CODED,00 NOT CODED,01 NO,0,0,0,0,2,0,2,2,N,N,N,Y,N,N,N,N,N,N,N,N,N,N,N,N,N,N,N,N,N,N,N,N,N,N,26.706243553,-80.086403833,590879.266404,2954225.33193,R,,ARBM15Q1R2,"February 27, 2022",305110,-8915177.991858812,3086819.0708249905
2013830869570,2013,830869570,20130015272,CITY POLICE DEPARTMENT,04 FOURTH,PALM BEACH,"September 6, 2013",0225,SATURDAY,9394 WEST PALM BEACH,0694,Y,LINCOLN RD,N TAMARIND AVE,0,E,0,0,26.733669,-80.061023,93A11005,0.418,,,,E END OF ST RD,E END OF ST RD,U UNNWN,,05 LOCAL,01 NON-JUNCTION,01 ON ROADWAY,01 NOT AT INTERSECTION,03 CURB,0,"December 31, 2000",,,,0,,0,,0,,,RCI,0,,,3 NO-INCAPACITATING INJURY,33 Q/C VERIFIED AS OFF-SYSTEM,1 ALC,01 NOT AT INTERSECTION/RRX/BRIDGE,04 DARK-LIGHTED,02 CLOUDY,01 DRY,01 LEVEL,1 STRAIGHT,"TWO-WAY, NOT DIVIDED",,NO CONTROLS,NOT CODED,,NONE,NOT CODED,NOT CODED,NONE,NOT CODED,NOT CODED,32 TREE (STANDING),03 ANGLE,77 OTHER (SEE NARRATIVE),FAILED TO KEEP IN PROPER LANE,NOT CODED,00 NOT CODED,00 NOT CODED,00 NOT CODED,00 NOT CODED,01 NO,1,0,0,0,1,0,1,1,N,N,N,N,Y,N,N,N,N,N,Y,N,N,N,N,N,N,N,N,N,N,N,N,N,N,N,26.733665068,-80.061027332,593381.3251,2957280.9845,O,U,ARBM15Q1R2,"February 27, 2022",305111,-8912353.091948573,3090236.5578224175
2013830872820,2013,830872820,20130016664,CITY POLICE DEPARTMENT,04 FOURTH,PALM BEACH,"September 28, 2013",1955,SUNDAY,9394 WEST PALM BEACH,0694,Y,PINEWOOD AVE,44TH ST,0.009,N,0,0,26.75239,-80.059746,93A06292,1.227,,,,R RIGHT,1 THRU LANE 1,S SOUTH,,05 LOCAL,01 NON-JUNCTION,01 ON ROADWAY,01 NOT AT INTERSECTION,01 PAVED,0,"December 31, 2000",,,,0,,0,,0,,,RCI,0,,,3 NO-INCAPACITATING INJURY,33 Q/C VERIFIED AS OFF-SYSTEM,1 ALC,01 NOT AT INTERSECTION/RRX/BRIDGE,04 DARK-LIGHTED,01 CLEAR,01 DRY,01 LEVEL,1 STRAIGHT,"TWO-WAY, NOT DIVIDED","TWO-WAY, NOT DIVIDED",NO CONTROLS,NO CONTROLS,,NONE,NOT CODED,NOT CODED,NONE,NOT CODED,NOT CODED,14 MOTOR VEHICLE IN TRANSPORT,"05 SIDESWIPE, OPPOSITE DIRECTION",16 LEAVING TRAFFIC LANE,FAILED TO KEEP IN PROPER LANE,NO CONTRIBUTING ACTION,00 NOT CODED,00 NOT CODED,00 NOT CODED,00 NOT CODED,01 NO,4,0,0,0,2,0,2,5,N,N,N,N,Y,N,N,N,N,N,N,N,N,N,N,N,N,N,N,N,N,N,N,N,N,N,26.752390129,-80.059748446,593493.200374,2959355.987595,C,U,ARBM15Q1R2,"February 27, 2022",305114,-8912210.727024073,3092570.696907584
2013830872950,2013,830872950,20130016718,CITY POLICE DEPARTMENT,04 FOURTH,PALM BEACH,"September 29, 2013",1801,MONDAY,9394 WEST PALM BEACH,0694,Y,DIXIE HWY,PALM BEACH LAKES BLVD,0.019,N,0,0,26.7248152,-80.0531983,93020000,9.242,00670,SR 5,,R RIGHT,1 THRU LANE 1,U UNNWN,21 URBAN 4-5LN 2WY DIVD PAVD,02 U.S.,01 NON-JUNCTION,01 ON ROADWAY,01 NOT AT INTERSECTION,03 CURB,46,"June 23, 2013",16 URBAN MINOR ART,20,CURB W RESF,2,CURB&GUTTER,2,,0,14,14500,RCI,5.7,,30,1 NO INJURY,31 Q/C COMPLETED - LOC VERIFIED,0 NO,03 INFLUENCED BY INTERSECTION,01 DAYLIGHT,02 CLOUDY,01 DRY,01 LEVEL,1 STRAIGHT,UNKNOWN,"TWO-WAY, NOT DIVIDED",FLASHING SIGNAL,NO CONTROLS,4,NONE,NOT CODED,NOT CODED,NONE,NOT CODED,NOT CODED,14 MOTOR VEHICLE IN TRANSPORT,03 ANGLE,88 UNKNOWN,OTHER CONTRIBUTING ACTION,NO CONTRIBUTING ACTION,00 NOT CODED,00 NOT CODED,00 NOT CODED,00 NOT CODED,01 NO,0,0,0,0,2,0,2,3,N,N,N,Y,N,N,N,N,N,N,N,N,N,N,N,N,N,N,N,N,N,N,N,N,N,N,26.724718162,-80.053199426,594167.222952,2956295.75299,C,,ARBM15Q1R2,"February 27, 2022",305115,-8911481.693096709,3089121.432820494
2013830872990,2013,830872990,20130016740,CITY POLICE DEPARTMENT,04 FOURTH,PALM BEACH,"September 30, 2013",0754,TUESDAY,9394 WEST PALM BEACH,0694,Y,FOREST HILL BLVD,DIXIE HWY,0,,0,0,26.655061,-80.0561922,93016000,9.218,00098,SR 882,,R RIGHT,S SIDE OF ROAD,S SOUTH,21 URBAN 4-5LN 2WY DIVD PAVD,02 U.S.,01 NON-JUNCTION,01 ON ROADWAY,02 FOUR-WAY INTERSECTION,03 CURB,36,"August 4, 2002",17 URBAN MAJOR COLLECTOR,18,CURB W RESF,2,,0,,0,10,15800,RCI,3.6,,35,0 UNKNOWN/NOT CODED,31 Q/C COMPLETED - LOC VERIFIED,0 NO,02 AT INTERSECTION,01 DAYLIGHT,01 CLEAR,01 DRY,01 LEVEL,1 STRAIGHT,"TWO-WAY, NOT DIVIDED",,TRAFFIC CONTROL SIGNAL,NOT CODED,4,NONE,NOT CODED,NOT CODED,NONE,NOT CODED,NOT CODED,"36 OTHER POST, POLE, OR SUPPORT",03 ANGLE,05 TURNING RIGHT,NOT CODED,NOT CODED,00 NOT CODED,00 NOT CODED,00 NOT CODED,00 NOT CODED,01 NO,0,0,0,0,0,0,1,0,N,N,Y,Y,N,N,N,N,N,N,N,N,N,N,N,N,N,N,N,N,N,N,N,N,N,N,26.655063277,-80.056184755,593927.380174,2948578.339924,C,,ARBM15Q1R2,"February 27, 2022",305116,-8911814.018289007,3080442.778521052
2013830845170,2013,830845170,20130004158,CITY POLICE DEPARTMENT,04 FOURTH,PALM BEACH,"March 10, 2013",0007,MONDAY,9394 WEST PALM BEACH,0694,Y,QUADRILLE BLVD N,DIXIE HWY N,0.002,S,0,0,26.7184648,-80.0534267,93020100,0.958,00269,SR 5,US 1,R RIGHT,2 THRU LANE 2,W WEST,21 URBAN 4-5LN 2WY DIVD PAVD,77 ALL OTHER,01 NON-JUNCTION,01 ON ROADWAY,77 OTHER (SEE NARRATIVE),01 PAVED,0,"December 31, 2000",17 URBAN MAJOR COLLECTOR,24,CURB&GUTTER,2,,0,,0,12,10600,RCI,4.8,,30,2 POSSIBLE INJURY,31 Q/C COMPLETED - LOC VERIFIED,1 ALC,02 AT INTERSECTION,04 DARK-LIGHTED,01 CLEAR,01 DRY,01 LEVEL,1 STRAIGHT,"TWO-WAY, NOT DIVIDED","TWO-WAY, NOT DIVIDED",TRAFFIC CONTROL SIGNAL,TRAFFIC CONTROL SIGNAL,4,NONE,NOT CODED,NOT CODED,NONE,NOT CODED,NOT CODED,14 MOTOR VEHICLE IN TRANSPORT,01 FRONT TO REAR,01 STRAIGHT AHEAD,OTHER CONTRIBUTING ACTION,NO CONTRIBUTING ACTION,00 NOT CODED,00 NOT CODED,00 NOT CODED,00 NOT CODED,01 NO,1,0,0,0,3,0,3,3,N,N,N,Y,N,N,N,Y,N,N,N,N,N,N,N,N,Y,N,N,N,N,N,N,N,N,N,26.718466218,-80.05342,594150.42862,2955603.100319,C,,ARBM15Q1R2,"February 27, 2022",305122,-8911506.247349476,3088342.2547918875
2013830845260,2013,830845260,20130004189,CITY POLICE DEPARTMENT,04 FOURTH,PALM BEACH,"March 10, 2013",1430,MONDAY,9394 WEST PALM BEACH,0694,Y,PALM BEACH LAKES BLVD,N CONGRESS AVE,0.004,E,0,0,26.724317,-80.083488,93014500,1.633,,,,R RIGHT,2 THRU LANE 2,E EAST,,05 LOCAL,01 NON-JUNCTION,01 ON ROADWAY,01 NOT AT INTERSECTION,03 CURB,0,"December 31, 2000",,,,0,,0,,0,,,RCI,0,,,1 NO INJURY,33 Q/C VERIFIED AS OFF-SYSTEM,0 NO,01 NOT AT INTERSECTION/RRX/BRIDGE,01 DAYLIGHT,01 CLEAR,01 DRY,01 LEVEL,1 STRAIGHT,"TWO-WAY, DIVIDED, POSITIVE MED","TWO-WAY, DIVIDED, UNPROTECTED",NO CONTROLS,NO CONTROLS,,NONE,NOT CODED,NOT CODED,NONE,NOT CODED,NOT CODED,14 MOTOR VEHICLE IN TRANSPORT,"04 SIDESWIPE, SAME DIRECTION",06 CHANGING LANES,OPERATED MV IN CARLESS OR NEGL,NO CONTRIBUTING ACTION,00 NOT CODED,00 NOT CODED,00 NOT CODED,00 NOT CODED,01 NO,0,0,0,0,2,0,2,3,N,N,N,N,Y,N,N,N,N,N,N,N,N,N,N,N,N,N,N,N,N,Y,Y,N,Y,N,26.724316507,-80.08348778,591154.956577,2956229.233194,R,U,ARBM15Q1R2,"February 27, 2022",305123,-8914853.378316743,3089071.373390788
2013830845270,2013,830845270,20130004193,CITY POLICE DEPARTMENT,04 FOURTH,PALM BEACH,"March 10, 2013",1616,MONDAY,9394 WEST PALM BEACH,0694,Y,45TH ST,CORPORATE WAY,0.014,E,0,0,26.758975,-80.08844,93510000,1.243,,,,L LEFT,1 THRU LANE 1,W WEST,,05 LOCAL,01 NON-JUNCTION,01 ON ROADWAY,01 NOT AT INTERSECTION,03 CURB,0,"December 31, 2000",,,,0,,0,,0,,,RCI,0,,,1 NO INJURY,33 Q/C VERIFIED AS OFF-SYSTEM,0 NO,01 NOT AT INTERSECTION/RRX/BRIDGE,01 DAYLIGHT,01 CLEAR,01 DRY,01 LEVEL,1 STRAIGHT,"TWO-WAY, DIVIDED, POSITIVE MED","TWO-WAY, DIVIDED, POSITIVE MED",NO CONTROLS,NO CONTROLS,,NONE,NOT CODED,NOT CODED,NONE,NOT CODED,NOT CODED,14 MOTOR VEHICLE IN TRANSPORT,01 FRONT TO REAR,01 STRAIGHT AHEAD,NO CONTRIBUTING ACTION,OTHER CONTRIBUTING ACTION,00 NOT CODED,00 NOT CODED,00 NOT CODED,00 NOT CODED,01 NO,0,0,0,0,3,0,3,4,N,N,N,N,N,N,N,N,N,N,N,N,N,N,N,N,N,N,N,N,N,N,N,N,N,N,26.758971705,-80.08844024,590634.88528,2960064.231786,L,U,ARBM15Q1R2,"February 27, 2022",305124,-8915404.683939818,3093391.202740446
2013830845280,2013,830845280,20130004194,CITY POLICE DEPARTMENT,04 FOURTH,PALM BEACH,"March 10, 2013",1620,MONDAY,9394 WEST PALM BEACH,0694,Y,OKEECHOBEE BLVD,I 95,0,,0,0,26.7059391,-80.0745345,93280000,7.799,04640,SR 704,,L LEFT,3 THRU LANE 3,E EAST,30 URBAN 6+LN 2WY DIVD RASD,04 COUNTY,02 INTERSECTION,01 ON ROADWAY,03 T-INTERSECTION,03 CURB,31,"January 30, 2011",14 URBAN PRIN ART OTHER,34,PAVED,5,CURB&GUTTER,2,,0,18,73500,RCI,3.5,,45,3 NO-INCAPACITATING INJURY,31 Q/C COMPLETED - LOC VERIFIED,0 NO,02 AT INTERSECTION,01 DAYLIGHT,01 CLEAR,01 DRY,05 SAG (BOTTOM),1 STRAIGHT,"TWO-WAY, DIVIDED, POSITIVE MED",ONE-WAY TRAFFICWAY,TRAFFIC CONTROL SIGNAL,TRAFFIC CONTROL SIGNAL,7,NONE,NOT CODED,NOT CODED,NONE,NOT CODED,NOT CODED,14 MOTOR VEHICLE IN TRANSPORT,02 FRONT TO FRONT,01 STRAIGHT AHEAD,RAN RED LIGHT,NO CONTRIBUTING ACTION,00 NOT CODED,00 NOT CODED,00 NOT CODED,00 NOT CODED,01 NO,1,0,0,0,3,0,3,4,N,N,N,Y,N,N,N,N,N,N,N,N,N,N,N,N,N,N,N,N,N,N,N,N,N,N,26.706064309,-80.074292391,592084.24928,2954214.170251,L,,ARBM15Q1R2,"February 27, 2022",305125,-8913829.751953457,3086796.734890482
2013830845380,2013,830845380,20130004224,CITY POLICE DEPARTMENT,04 FOURTH,PALM BEACH,"March 11, 2013",0600,TUESDAY,9394 WEST PALM BEACH,0694,Y,48TH ST,N FLAGLER DR,0.033,W,0,0,26.754922,-80.053132,93A10606,0.394,,,,R RIGHT,P PARKING,E EAST,,05 LOCAL,01 NON-JUNCTION,01 ON ROADWAY,01 NOT AT INTERSECTION,03 CURB,0,"December 31, 2000",,,,0,,0,,0,,,RCI,0,,,1 NO INJURY,33 Q/C VERIFIED AS OFF-SYSTEM,0 NO,01 NOT AT INTERSECTION/RRX/BRIDGE,06 DARK-UNKNOWN LIGHTING,01 CLEAR,01 DRY,01 LEVEL,1 STRAIGHT,"TWO-WAY, NOT DIVIDED","TWO-WAY, NOT DIVIDED",NO CONTROLS,NO CONTROLS,,NONE,NOT CODED,NOT CODED,NONE,NOT CODED,NOT CODED,15 PARKED MOTOR VEHICLE,01 FRONT TO REAR,04 BACKING,OPERATED MV IN CARLESS OR NEGL,NOT CODED,00 NOT CODED,00 NOT CODED,00 NOT CODED,00 NOT CODED,01 NO,0,0,0,0,1,0,2,1,N,N,N,N,Y,N,N,N,N,N,N,N,N,N,N,N,N,N,N,N,N,N,N,N,N,N,26.754924044,-80.05313191,594149.058224,2959641.532917,C,U,ARBM15Q1R2,"February 27, 2022",305126,-8911474.17744705,3092886.5870871483
2013830839440,2013,830839440,20130001909,CITY POLICE DEPARTMENT,04 FOURTH,PALM BEACH,"February 1, 2013",0958,SATURDAY,9394 WEST PALM BEACH,0694,Y,VILLAGE BLVD,CUMBERLAND DR,0,E,0,0,26.745503,-80.091135,93577000,3.159,,,,I INTERSECTION,M MIDDLE,E EAST,,05 LOCAL,02 INTERSECTION,01 ON ROADWAY,03 T-INTERSECTION,03 CURB,0,"December 31, 2000",,,,0,,0,,0,,,RCI,0,,,2 POSSIBLE INJURY,33 Q/C VERIFIED AS OFF-SYSTEM,0 NO,02 AT INTERSECTION,01 DAYLIGHT,01 CLEAR,01 DRY,01 LEVEL,1 STRAIGHT,"TWO-WAY, DIVIDED, POSITIVE MED","TWO-WAY, DIVIDED, POSITIVE MED",STOP SIGN,NO CONTROLS,,NONE,NOT CODED,NOT CODED,NONE,NOT CODED,NOT CODED,14 MOTOR VEHICLE IN TRANSPORT,03 ANGLE,03 TURNING LEFT,FAILED TO YIELD RIGHT-OF-WAY,NO CONTRIBUTING ACTION,00 NOT CODED,00 NOT CODED,00 NOT CODED,00 NOT CODED,01 NO,1,0,0,0,2,0,2,2,N,N,N,Y,N,N,N,N,N,N,Y,N,N,N,N,N,N,N,N,N,N,Y,N,Y,N,N,26.745505066,-80.091137323,590377.3568,2958570.6992,L,U,ARBM15Q1R2,"February 27, 2022",305171,-8915704.921866147,3091712.406855694
2013832244710,2013,832244710,FHPL13OFF015356,FLORIDA HIGHWAY PATROL,04 FOURTH,PALM BEACH,"March 13, 2013",0400,THURSDAY,9394 WEST PALM BEACH,0694,Y,SR 9,BLVEDERE RD,0.038,S,26.6892058,-80.067844,26.6904934,-80.0682545,93220159,0.16,04948,SR 9,I 95,L LEFT,X RAMP,S SOUTH,08 RAMP RURAL,01 INTERSTATE,14 ENTRANCE/EXIT RAMP,03 SHOULDER,77 OTHER (SEE NARRATIVE),01 PAVED,0,"December 31, 2000",,35,PAVED,4,LAWN,7,,0,,5400,RCI,4.8,,,1 NO INJURY,31 Q/C COMPLETED - LOC VERIFIED,1 ALC,08 EXIT RAMP,04 DARK-LIGHTED,01 CLEAR,01 DRY,04 DOWNHILL,2 CURVE RIGHT,"TWO-WAY, DIVIDED, POSITIVE MED",,NO CONTROLS,NOT CODED,3,NONE,NOT CODED,NOT CODED,NONE,NOT CODED,NOT CODED,37 FENCE,77 OTHER (SEE NARRATIVE),05 TURNING RIGHT,OPERATED MV IN CARLESS OR NEGL,NOT CODED,00 NOT CODED,00 NOT CODED,00 NOT CODED,00 NOT CODED,01 NO,0,0,0,0,1,0,1,1,N,N,N,N,Y,N,N,N,N,N,Y,N,N,N,N,N,Y,N,N,N,N,N,N,N,N,N,26.690472725,-80.068241452,592698.8141,2952491.5808,O,,ARBM15Q1R2,"February 27, 2022",305201,-8913156.164272057,3084853.9578387504