Crash Id,Calendar Year,FDOT Crash Number,Reporting Agency Case Number,Reporting Agency Type,FDOT Managing District,County Name,Crash Date,Crash Time,Day,DHSMV City,Crash Report City Code,In Town,On Roadway Name,Int Roadway Name,Reference Distance (Miles),Reference Direction,Officer Latitude,Officer Longitude,FDOT Latitude,FDOT Longitude,FDOT Roadway,Nearest Inventory MP,Nearest Node From Crash,State Road #,US Highway,Crash Side of Road,Accident Lane Number,Travel Direction Vehicle 1,FDOT Road Category,DHSMV Road System Id,Relation to Junction,Crash Harmful Event Location,Intersection Type,Shoulder Type,FDOT Roadway SKID Test Result,FDOT Roadway SKID Test Date,Functional Class,RCI Surface Width,RCI Shoulder Type First,RCI Shoulder Width First,RCI Shoulder Type Second,RCI Shoulder Width Second,RCI Shoulder Type Third,RCI Shoulder Width Third,RCI Median Width,Avg Daily Traffic,AADT Source,RCI Avg Per Truck Traffic,RCI Horiz Curve Condition,Posted Speed Limit,Highest Injury in Crash,CAR Status Code,Alcohols/Drug Involved,Site Location,Lighting,Weather,Road Surface,Roadway Grade,Roadway Alignment,Traffic Way Vehicle 1,Traffic Way Vehicle 2,Traffic Control Vehicle 1,Traffic Control Vehicle 2,Count of Lanes,Road Condition 1,Road Condition 2,Road Condition 3,Environment Condition 1,Environment Condition 2,Environment Condition 3,Crash Harmful Event,Manner of Collision,Vehicle Movement,Driver Action Vehicle 1,Driver Action Vehicle 2,Location Within Workzone,Type of Workzone,Workers Present in Workzone,Law Enforcement Present in Workzone,School Bus Related,Count of Nonfatal Injuries,Count of Traffic Fatalities,Count of Serious Injuries,Count of Pedestrians,Count of Drivers,Count of Bicyclists,Count of Vehicles,Count of Persons,Wrong Way,Workzone Inv,Commercial Vehicle Inv,Intersection Inv,Lane Departure,Speeding,Agressive Driving,Impaired Driver,Impaired Pedestrian,Impaired Bicyclist,Distracted Driver,Speeding or Aggressive Driving,Pedestrian Related,Bicyclist Related,Pedestrian or Bicyclist Related,Motorcycle Inv,No Belt,No Belt - Ages 1-4,No Belt - Ages 5-12,No Belt - Ages 13-17,Driver - Ages Teen,Driver - Ages 65 plus,Driver - Ages 65-69,Driver - Ages 70-74,Driver - Ages 75-79,Driver - Ages 80 plus,ARBM Latitude,ARBM Longitude,UTM Zone 17N X,UTM Zone 17N Y,ARBM Side of Road,Urban Rural Indicator,GIS Street Source,Extract Date,OBJECTID,x,y
2013813718520,2013,813718520,13122964,COUNTY SHERIFF'S OFFICE,04 FOURTH,PALM BEACH,"September 20, 2013",1740,SATURDAY,9394 WEST PALM BEACH,0694,Y,SR 80,FAIRGROUNDS RD,0,,0,0,26.6800327,-80.1924145,93120000,12.343,03533,SR 80,US 98,L LEFT,3 THRU LANE 3,S SOUTH,30 URBAN 6+LN 2WY DIVD RASD,03 STATE,02 INTERSECTION,01 ON ROADWAY,03 T-INTERSECTION,01 PAVED,42,"June 26, 2012",14 URBAN PRIN ART OTHER,48,PAVED,4,CURB&GUTTER,2,,0,32,61500,RCI,11.1,,50,1 NO INJURY,32 Q/C NOT TO BE DONE ON CRASH,0 NO,02 AT INTERSECTION,01 DAYLIGHT,01 CLEAR,01 DRY,01 LEVEL,1 STRAIGHT,"TWO-WAY, NOT DIV, W/CONT LTURN","TWO-WAY, DIVIDED, POSITIVE MED",TRAFFIC CONTROL SIGNAL,TRAFFIC CONTROL SIGNAL,8,NONE,NOT CODED,NOT CODED,NONE,NOT CODED,NOT CODED,14 MOTOR VEHICLE IN TRANSPORT,01 FRONT TO REAR,05 TURNING RIGHT,OTHER CONTRIBUTING ACTION,NO CONTRIBUTING ACTION,00 NOT CODED,00 NOT CODED,00 NOT CODED,00 NOT CODED,01 NO,0,0,0,0,2,0,3,2,N,N,N,Y,N,N,N,N,N,N,N,N,N,N,N,N,N,N,N,N,N,N,N,N,N,N,26.680221718,-80.192496918,580343.540936,2951271.882873,L,,ARBM15Q1R2,"February 27, 2022",342739,-8926988.223542804,3083576.7837436656
2013822462510,2013,822462510,FHPK13OFF012032,FLORIDA HIGHWAY PATROL,08 TURNPIKE,PALM BEACH,"March 9, 2013",0418,SUNDAY,9394 WEST PALM BEACH,0694,N,SR 91,SR 704,0.095,N,26.6962792,-80.151983,26.6982087,-80.1493203,93470160,0.095,05015,SR 91,,R RIGHT,X RAMP,N NORTH,08 RAMP RURAL,06 TURNPIKE/TOLL,14 ENTRANCE/EXIT RAMP,02 OFF ROADWAY,01 NOT AT INTERSECTION,01 PAVED,0,"December 31, 2000",,15,PAVED,1,LAWN,11,,0,,2000,RCI,12.3,,,1 NO INJURY,31 Q/C COMPLETED - LOC VERIFIED,0 NO,08 EXIT RAMP,04 DARK-LIGHTED,01 CLEAR,01 DRY,01 LEVEL,1 STRAIGHT,"TWO-WAY, DIVIDED, POSITIVE MED",,NO CONTROLS,NOT CODED,1,NONE,NOT CODED,NOT CODED,NONE,NOT CODED,NOT CODED,01 OVERTURN/ROLLOVER,77 OTHER (SEE NARRATIVE),01 STRAIGHT AHEAD,OPERATED MV IN CARLESS OR NEGL,NOT CODED,00 NOT CODED,00 NOT CODED,00 NOT CODED,00 NOT CODED,01 NO,0,0,0,0,1,0,1,1,N,N,N,N,Y,N,N,N,N,N,N,N,N,N,N,N,N,N,N,N,N,N,N,N,N,N,26.698206526,-80.149323836,584626.001318,2953291.82303,O,,ARBM15Q1R2,"February 27, 2022",343585,-8922182.216613915,3085817.588446061
2013822462520,2013,822462520,FHPK13OFF013746,FLORIDA HIGHWAY PATROL,08 TURNPIKE,PALM BEACH,"March 18, 2013",0412,TUESDAY,9394 WEST PALM BEACH,0694,N,SR 91,MILE MARKER #102,0.095,S,26.7227889,-80.1355768,26.7329922,-80.1351245,93470000,28.646,05005,SR 91,,R RIGHT,2 THRU LANE 2,N NORTH,03 TOLL ROAD URBAN,06 TURNPIKE/TOLL,01 NON-JUNCTION,01 ON ROADWAY,01 NOT AT INTERSECTION,01 PAVED,34,"June 26, 2012",12 URBAN PRIN ART EXPR.,24,PAVED WARN,10,LAWN,12,,0,20,51000,RCI,12.3,,70,1 NO INJURY,31 Q/C COMPLETED - LOC VERIFIED,0 NO,01 NOT AT INTERSECTION/RRX/BRIDGE,05 DARK-NOT LIGHTED,03 RAIN,02 WET,01 LEVEL,1 STRAIGHT,"TWO-WAY, DIVIDED, POSITIVE MED","TWO-WAY, DIVIDED, POSITIVE MED",NO CONTROLS,NO CONTROLS,4,NONE,NOT CODED,NOT CODED,NONE,NOT CODED,NOT CODED,14 MOTOR VEHICLE IN TRANSPORT,01 FRONT TO REAR,01 STRAIGHT AHEAD,NOT CODED,NO CONTRIBUTING ACTION,01 BEFORE THE FIRST WARNING SIGN,03 WORK ON SHOULDER OR MEDIAN,01 NO,01 NO,01 NO,0,0,0,0,1,0,2,1,N,Y,N,N,N,N,N,N,N,N,N,N,N,N,N,N,N,N,N,N,N,N,N,N,N,N,26.732875658,-80.135129104,586012.108704,2957141.35573,R,,ARBM15Q1R2,"February 27, 2022",343586,-8920602.065942828,3090138.1634558523
2013822462550,2013,822462550,FHPK13OFF018060,FLORIDA HIGHWAY PATROL,08 TURNPIKE,PALM BEACH,"April 9, 2013",0809,WEDNESDAY,9394 WEST PALM BEACH,0694,N,SR 91,SR 710,0.005,N,26.8875942,-80.1105026,26.7990227,-80.1314953,93470000,33.199,04820,SR 91,,L LEFT,S SIDE OF ROAD,S SOUTH,03 TOLL ROAD URBAN,06 TURNPIKE/TOLL,01 NON-JUNCTION,03 SHOULDER,01 NOT AT INTERSECTION,01 PAVED,33,"June 26, 2012",12 URBAN PRIN ART EXPR.,24,PAVED WARN,10,LAWN,12,,0,20,48000,RCI,9.9,,70,2 POSSIBLE INJURY,31 Q/C COMPLETED - LOC VERIFIED,0 NO,02 AT INTERSECTION,01 DAYLIGHT,01 CLEAR,01 DRY,01 LEVEL,1 STRAIGHT,"TWO-WAY, DIVIDED, POSITIVE MED","TWO-WAY, DIVIDED, POSITIVE MED",NO CONTROLS,NO CONTROLS,4,NONE,NOT CODED,NOT CODED,NONE,NOT CODED,NOT CODED,15 PARKED MOTOR VEHICLE,01 FRONT TO REAR,01 STRAIGHT AHEAD,FAILED TO KEEP IN PROPER LANE,NOT CODED,00 NOT CODED,00 NOT CODED,00 NOT CODED,00 NOT CODED,01 NO,1,0,0,0,1,0,2,1,N,N,N,Y,N,N,N,N,N,N,N,N,N,N,N,N,N,N,N,N,N,N,N,N,N,N,26.79885322,-80.131636228,586309.611207,2964451.601667,L,,ARBM15Q1R2,"February 27, 2022",343723,-8920213.240878621,3098364.132283497
2013820540580,2013,820540580,FHPL13OFF022177,FLORIDA HIGHWAY PATROL,04 FOURTH,PALM BEACH,"April 12, 2013",1530,SATURDAY,9394 WEST PALM BEACH,0694,N,I 95,SR 704,0.095,N,26.7051749,-80.0765304,26.7043423,-80.0749939,93220148,0.467,04903,SR 9,I 95,L LEFT,X RAMP,S SOUTH,07 RAMP URBAN,01 INTERSTATE,01 NON-JUNCTION,03 SHOULDER,01 NOT AT INTERSECTION,01 PAVED,0,"December 31, 2000",,24,PAVED,3,LAWN,12,,0,,10000,RCI,4.8,,,2 POSSIBLE INJURY,32 Q/C NOT TO BE DONE ON CRASH,0 NO,07 ENTRANCE RAMP,01 DAYLIGHT,03 RAIN,02 WET,04 DOWNHILL,3 CURVE LEFT,ONE-WAY TRAFFICWAY,,NO CONTROLS,NOT CODED,2,NONE,NOT CODED,NOT CODED,NONE,NOT CODED,NOT CODED,30 CONCRETE TRAFFIC BARRIER,77 OTHER (SEE NARRATIVE),01 STRAIGHT AHEAD,NO CONTRIBUTING ACTION,NOT CODED,00 NOT CODED,00 NOT CODED,00 NOT CODED,00 NOT CODED,01 NO,1,0,0,0,1,0,1,1,N,N,N,N,Y,N,N,N,N,N,N,N,N,N,N,N,N,N,N,N,N,N,N,N,N,N,26.704329757,-80.075007861,592014.468667,2954021.528926,O,,ARBM15Q1R2,"February 27, 2022",345502,-8913909.397648817,3086580.5891063046
2013820195570,2013,820195570,FHPL13OFF055255,FLORIDA HIGHWAY PATROL,04 FOURTH,PALM BEACH,"September 9, 2013",0845,TUESDAY,9394 WEST PALM BEACH,0694,Y,SR 9,AUSTRIALIAN AVE,0.056,N,26.6993868,-80.0708961,26.7040663,-80.0740056,93220000,27.027,01181,SR 9,I 95,R RIGHT,7 THRU LANE 7,N NORTH,01 INTERSTATE URBAN,01 INTERSTATE,01 NON-JUNCTION,01 ON ROADWAY,01 NOT AT INTERSECTION,01 PAVED,32,"September 8, 2013",11 URBAN PRIN ART INT.,64,PAVED WARN,9,LAWN,12,,0,32,199000,RCI,7.5,0D4500,65,1 NO INJURY,31 Q/C COMPLETED - LOC VERIFIED,0 NO,03 INFLUENCED BY INTERSECTION,01 DAYLIGHT,01 CLEAR,01 DRY,01 LEVEL,1 STRAIGHT,"TWO-WAY, DIVIDED, POSITIVE MED","TWO-WAY, DIVIDED, POSITIVE MED",NO CONTROLS,NO CONTROLS,10,NONE,NOT CODED,NOT CODED,NONE,NOT CODED,NOT CODED,14 MOTOR VEHICLE IN TRANSPORT,01 FRONT TO REAR,01 STRAIGHT AHEAD,OPERATED MV IN CARLESS OR NEGL,NO CONTRIBUTING ACTION,00 NOT CODED,00 NOT CODED,00 NOT CODED,00 NOT CODED,01 NO,0,0,0,0,3,0,3,3,N,N,N,Y,N,N,N,N,N,N,N,N,N,N,N,N,N,N,N,N,N,N,N,N,N,N,26.703918953,-80.073903046,592124.707399,2953976.824875,R,,ARBM15Q1R2,"February 27, 2022",345755,-8913786.41027671,3086529.3986392748
2013825205480,2013,825205480,20130000376,CITY POLICE DEPARTMENT,04 FOURTH,PALM BEACH,"January 6, 2013",1304,MONDAY,9394 WEST PALM BEACH,0694,Y,PARK PL,DIXIE HWY S,0.013,W,0,0,26.697921,-80.0540711,93020001,1.831,00709,SR 5,US 1,T SIDE RD LEFT,S SIDE OF ROAD,W WEST,22 URBAN 4-5LN 2WY UNDIVD,05 LOCAL,01 NON-JUNCTION,02 OFF ROADWAY,01 NOT AT INTERSECTION,03 CURB,37,"June 2, 2008",16 URBAN MINOR ART,43,CURB&GUTTER,2,CURB&GUTTER,2,,0,,16300,RCI,4.7,,35,1 NO INJURY,31 Q/C COMPLETED - LOC VERIFIED,0 NO,03 INFLUENCED BY INTERSECTION,01 DAYLIGHT,02 CLOUDY,01 DRY,01 LEVEL,1 STRAIGHT,"TWO-WAY, NOT DIVIDED",,NO CONTROLS,NOT CODED,4,NONE,NOT CODED,NOT CODED,NONE,NOT CODED,NOT CODED,"39 OTHER FIXED OBJECT (WALL, BUIL",03 ANGLE,01 STRAIGHT AHEAD,OTHER CONTRIBUTING ACTION,NOT CODED,00 NOT CODED,00 NOT CODED,00 NOT CODED,00 NOT CODED,01 NO,0,0,0,0,1,0,1,1,N,N,N,Y,N,N,N,N,N,N,N,N,N,N,N,N,N,N,N,N,N,N,N,N,N,N,26.697922542,-80.054056772,594103.975796,2953327.136579,C,,ARBM15Q1R2,"February 27, 2022",346612,-8911577.13239676,3085782.203261498
2013825205490,2013,825205490,20130000392,CITY POLICE DEPARTMENT,04 FOURTH,PALM BEACH,"January 6, 2013",1837,MONDAY,9394 WEST PALM BEACH,0694,Y,OKEECHOBEE BLVD,BENOIST FARMS RD,0,,0,0,26.7084356,-80.1699058,93280000,1.907,00897,SR 704,,I INTERSECTION,M MIDDLE,U UNNWN,33 SUBURBAN 6+LN 2WY DIVD RASD,05 LOCAL,02 INTERSECTION,01 ON ROADWAY,77 OTHER (SEE NARRATIVE),03 CURB,42,"January 30, 2011",14 URBAN PRIN ART OTHER,48,PAVED,5,LAWN,12,,0,35,48000,RCI,5,,50,1 NO INJURY,31 Q/C COMPLETED - LOC VERIFIED,0 NO,02 AT INTERSECTION,04 DARK-LIGHTED,01 CLEAR,01 DRY,01 LEVEL,1 STRAIGHT,"TWO-WAY, NOT DIVIDED","TWO-WAY, NOT DIVIDED",TRAFFIC CONTROL SIGNAL,TRAFFIC CONTROL SIGNAL,8,NONE,NOT CODED,NOT CODED,NONE,NOT CODED,NOT CODED,14 MOTOR VEHICLE IN TRANSPORT,03 ANGLE,03 TURNING LEFT,OTHER CONTRIBUTING ACTION,NO CONTRIBUTING ACTION,00 NOT CODED,00 NOT CODED,00 NOT CODED,00 NOT CODED,01 NO,0,0,0,0,2,0,2,2,N,N,N,Y,N,N,N,N,N,N,N,N,N,N,N,N,N,N,N,N,N,N,N,N,N,N,26.708406172,-80.170099448,582551.783759,2954407.93148,R,,ARBM15Q1R2,"February 27, 2022",346613,-8924494.947785221,3087088.5635209517
2013822462470,2013,822462470,FHPK13OFF005095,FLORIDA HIGHWAY PATROL,08 TURNPIKE,PALM BEACH,"January 29, 2013",1528,WEDNESDAY,9394 WEST PALM BEACH,0694,Y,SR 91,SR 704,0.047,N,26.7095691,-80.1368541,26.7120404,-80.1377428,93470110,0.163,01451,SR 91,,R RIGHT,X RAMP,N NORTH,08 RAMP RURAL,06 TURNPIKE/TOLL,14 ENTRANCE/EXIT RAMP,01 ON ROADWAY,01 NOT AT INTERSECTION,01 PAVED,0,"December 31, 2000",,15,PAVED,2,LAWN,10,,0,,3800,RCI,9.9,,,1 NO INJURY,31 Q/C COMPLETED - LOC VERIFIED,0 NO,07 ENTRANCE RAMP,01 DAYLIGHT,02 CLOUDY,01 DRY,01 LEVEL,1 STRAIGHT,"TWO-WAY, DIVIDED, POSITIVE MED","TWO-WAY, DIVIDED, POSITIVE MED",NO CONTROLS,NO CONTROLS,1,NONE,NOT CODED,NOT CODED,NONE,NOT CODED,NOT CODED,14 MOTOR VEHICLE IN TRANSPORT,01 FRONT TO REAR,01 STRAIGHT AHEAD,FOLLOWED TOO CLOSELY,NO CONTRIBUTING ACTION,00 NOT CODED,00 NOT CODED,00 NOT CODED,00 NOT CODED,01 NO,0,0,0,0,2,0,2,20,N,N,Y,N,N,N,N,N,N,N,N,N,N,N,N,N,N,N,N,N,N,N,N,N,N,N,26.712002565,-80.137729738,585769.108633,2954827.648669,O,,ARBM15Q1R2,"February 27, 2022",347490,-8920891.567253897,3087536.7362025063
2013820036630,2013,820036630,FHPL13OFF030707,FLORIDA HIGHWAY PATROL,04 FOURTH,PALM BEACH,"May 20, 2013",1730,TUESDAY,9394 WEST PALM BEACH,0694,N,I 95,OKEECHOBEE BLVD,0.1,N,26.5155716,-80.1837116,26.7077454,-80.0767848,93220000,27.333,06136,SR 9,I 95,L LEFT,2 THRU LANE 2,S SOUTH,01 INTERSTATE URBAN,01 INTERSTATE,01 NON-JUNCTION,01 ON ROADWAY,01 NOT AT INTERSECTION,01 PAVED,32,"September 8, 2013",11 URBAN PRIN ART INT.,64,PAVED WARN,10,LAWN,12,,0,32,177265,RCI,6.3,,65,1 NO INJURY,31 Q/C COMPLETED - LOC VERIFIED,0 NO,01 NOT AT INTERSECTION/RRX/BRIDGE,01 DAYLIGHT,01 CLEAR,01 DRY,01 LEVEL,1 STRAIGHT,"TWO-WAY, DIVIDED, POSITIVE MED","TWO-WAY, DIVIDED, POSITIVE MED",NO CONTROLS,NO CONTROLS,10,NONE,NOT CODED,NOT CODED,NONE,NOT CODED,NOT CODED,14 MOTOR VEHICLE IN TRANSPORT,01 FRONT TO REAR,01 STRAIGHT AHEAD,OPERATED MV IN CARLESS OR NEGL,NO CONTRIBUTING ACTION,00 NOT CODED,00 NOT CODED,00 NOT CODED,00 NOT CODED,01 NO,0,0,0,0,2,0,2,4,N,N,N,N,N,N,N,N,N,N,N,N,N,N,N,N,N,N,N,N,N,N,N,N,N,N,26.707567441,-80.07697671,591816.008763,2954378.725616,L,,ARBM15Q1R2,"February 27, 2022",347632,-8914128.569006814,3086984.045329236
2013828525700,2013,828525700,FHPK13OFF053187,FLORIDA HIGHWAY PATROL,08 TURNPIKE,PALM BEACH,"September 30, 2013",2050,TUESDAY,9394 WEST PALM BEACH,0694,N,SR 91,SR 704,0.002,N,26.7068573,-80.1357459,26.7077162,-80.1374087,93470113,0.584,04290,SR 91,,L LEFT,X RAMP,N NORTH,08 RAMP RURAL,06 TURNPIKE/TOLL,02 INTERSECTION,01 ON ROADWAY,02 FOUR-WAY INTERSECTION,01 PAVED,0,"December 31, 2000",,48,CURB&GUTTER,2,,0,,0,,4050,RCI,9.9,,,1 NO INJURY,31 Q/C COMPLETED - LOC VERIFIED,0 NO,08 EXIT RAMP,04 DARK-LIGHTED,01 CLEAR,01 DRY,01 LEVEL,1 STRAIGHT,"TWO-WAY, DIVIDED, POSITIVE MED","TWO-WAY, DIVIDED, POSITIVE MED",TRAFFIC CONTROL SIGNAL,TRAFFIC CONTROL SIGNAL,4,NONE,NOT CODED,NOT CODED,NONE,NOT CODED,NOT CODED,14 MOTOR VEHICLE IN TRANSPORT,"04 SIDESWIPE, SAME DIRECTION",03 TURNING LEFT,IMPROPER TURN,NO CONTRIBUTING ACTION,00 NOT CODED,00 NOT CODED,00 NOT CODED,00 NOT CODED,01 NO,0,0,0,0,2,0,2,2,N,N,Y,N,N,N,N,N,N,N,N,N,N,N,N,N,N,N,N,N,N,N,N,N,N,N,26.707711832,-80.137408549,585804.274657,2954352.613957,O,,ARBM15Q1R2,"February 27, 2022",348504,-8920855.812488435,3087002.0385184083
2013828525750,2013,828525750,FHPK13OFF062189,FLORIDA HIGHWAY PATROL,08 TURNPIKE,PALM BEACH,"November 18, 2013",0640,TUESDAY,9394 WEST PALM BEACH,0694,N,SR 91,SR 704,0.5,N,26.7108634,-80.1373177,26.7124571,-80.1387617,93470112,0.5,01487,SR 91,,R RIGHT,X RAMP,N NORTH,08 RAMP RURAL,06 TURNPIKE/TOLL,01 NON-JUNCTION,03 SHOULDER,01 NOT AT INTERSECTION,01 PAVED,0,"December 31, 2000",,24,PAVED,4,LAWN,12,,0,,3950,RCI,9.9,,,2 POSSIBLE INJURY,31 Q/C COMPLETED - LOC VERIFIED,0 NO,07 ENTRANCE RAMP,01 DAYLIGHT,02 CLOUDY,02 WET,01 LEVEL,1 STRAIGHT,"TWO-WAY, DIVIDED, POSITIVE MED",,TRAFFIC CONTROL SIGNAL,NOT CODED,2,"RD SURFC (WET, ICY, SNOW, ETC)",NOT CODED,NOT CODED,NONE,NOT CODED,NOT CODED,01 OVERTURN/ROLLOVER,77 OTHER (SEE NARRATIVE),01 STRAIGHT AHEAD,DROVE TOO FAST FOR CONDITIONS,NOT CODED,00 NOT CODED,00 NOT CODED,00 NOT CODED,00 NOT CODED,01 NO,1,0,0,0,1,0,1,1,N,N,N,N,Y,Y,N,N,N,N,N,Y,N,N,N,N,N,N,N,N,N,N,N,N,N,N,26.712473076,-80.138803464,585661.949305,2954879.041357,O,,ARBM15Q1R2,"February 27, 2022",348508,-8921011.093860086,3087595.371043947
2013825206090,2013,825206090,20130000739,CITY POLICE DEPARTMENT,04 FOURTH,PALM BEACH,"January 13, 2013",0120,MONDAY,9394 WEST PALM BEACH,0694,Y,23RD ST,DIXIE HWY N,0.009,E,0,0,26.7349387,-80.0528561,93020000,9.939,00744,SR 5,US 1,T SIDE RD LEFT,1 THRU LANE 1,U UNNWN,22 URBAN 4-5LN 2WY UNDIVD,05 LOCAL,88 UNKNOWN,08 IN PARKING LANE OR ZONE,77 OTHER (SEE NARRATIVE),03 CURB,46,"June 23, 2013",16 URBAN MINOR ART,44,CURB&GUTTER,2,,0,,0,,14500,RCI,5.7,,30,1 NO INJURY,31 Q/C COMPLETED - LOC VERIFIED,0 NO,02 AT INTERSECTION,04 DARK-LIGHTED,01 CLEAR,01 DRY,01 LEVEL,1 STRAIGHT,"TWO-WAY, NOT DIVIDED","TWO-WAY, NOT DIVIDED",NO CONTROLS,NO CONTROLS,4,UNKNOWN,NOT CODED,NOT CODED,UNKNOWN,NOT CODED,NOT CODED,09 OTHER NON-COLLISION,88 UNKNOWN,01 STRAIGHT AHEAD,OTHER CONTRIBUTING ACTION,NOT CODED,00 NOT CODED,00 NOT CODED,00 NOT CODED,00 NOT CODED,01 NO,0,0,0,0,1,0,2,1,N,N,N,Y,N,N,N,N,N,N,N,N,N,N,N,N,N,N,N,N,N,N,N,N,N,N,26.734860938,-80.052849116,594193.71206,2957419.466925,C,,ARBM15Q1R2,"February 27, 2022",350114,-8911442.696824752,3090385.61538789
2013825206120,2013,825206120,20130000766,CITY POLICE DEPARTMENT,04 FOURTH,PALM BEACH,"January 13, 2013",1312,MONDAY,9394 WEST PALM BEACH,0694,Y,SR 5,CLEMATIS ST,0.002,S,0,0,26.7134183,-80.0549719,93020100,0.54,02395,SR 5,US 1,R RIGHT,U UNKNOWN,U UNNWN,20 URBAN 4-5LN 2WY DIVD RASD,02 U.S.,01 NON-JUNCTION,01 ON ROADWAY,01 NOT AT INTERSECTION,03 CURB,0,"December 31, 2000",17 URBAN MAJOR COLLECTOR,21,CURB&GUTTER,2,,0,,0,19,9300,RCI,3.8,,30,2 POSSIBLE INJURY,31 Q/C COMPLETED - LOC VERIFIED,0 NO,02 AT INTERSECTION,01 DAYLIGHT,01 CLEAR,01 DRY,01 LEVEL,1 STRAIGHT,UNKNOWN,"TWO-WAY, DIVIDED, UNPROTECTED",UNKNOWN,TRAFFIC CONTROL SIGNAL,4,NONE,NOT CODED,NOT CODED,NONE,NOT CODED,NOT CODED,14 MOTOR VEHICLE IN TRANSPORT,01 FRONT TO REAR,88 UNKNOWN,OTHER CONTRIBUTING ACTION,NO CONTRIBUTING ACTION,00 NOT CODED,00 NOT CODED,00 NOT CODED,00 NOT CODED,01 NO,1,0,0,0,2,0,2,3,N,N,N,Y,N,N,N,N,N,N,N,N,N,N,N,N,N,N,N,N,N,N,N,N,N,N,26.713414436,-80.05498678,593998.731692,2955042.389051,C,,ARBM15Q1R2,"February 27, 2022",350115,-8911680.660553189,3087712.68390682
2013825206130,2013,825206130,20130000769,CITY POLICE DEPARTMENT,04 FOURTH,PALM BEACH,"January 13, 2013",1402,MONDAY,9394 WEST PALM BEACH,0694,Y,BANYAN BLVD,QUADRILLE BLVD N,0,,0,0,26.7145037,-80.0549362,93020100,0.614,02397,SR 5,US 1,S SIDE RD RIGHT,1 THRU LANE 1,U UNNWN,11 URBAN 2-3LN 2WY DIVD PAVD,05 LOCAL,02 INTERSECTION,01 ON ROADWAY,02 FOUR-WAY INTERSECTION,03 CURB,0,"December 31, 2000",17 URBAN MAJOR COLLECTOR,13,CURB&GUTTER,2,,0,,0,13,9300,RCI,3.8,,30,1 NO INJURY,31 Q/C COMPLETED - LOC VERIFIED,0 NO,02 AT INTERSECTION,01 DAYLIGHT,01 CLEAR,01 DRY,01 LEVEL,1 STRAIGHT,UNKNOWN,"TWO-WAY, NOT DIVIDED",UNKNOWN,TRAFFIC CONTROL SIGNAL,2,NONE,NOT CODED,NOT CODED,NONE,NOT CODED,NOT CODED,01 OVERTURN/ROLLOVER,"04 SIDESWIPE, SAME DIRECTION",88 UNKNOWN,OTHER CONTRIBUTING ACTION,NO CONTRIBUTING ACTION,00 NOT CODED,00 NOT CODED,00 NOT CODED,00 NOT CODED,01 NO,0,0,0,0,2,0,2,2,N,N,N,Y,N,N,N,N,N,N,N,N,N,N,N,N,N,N,N,N,N,N,N,N,N,N,26.714500917,-80.054965683,593999.937974,2955162.747251,C,,ARBM15Q1R2,"February 27, 2022",350116,-8911678.311953377,3087848.0825680285
2013830855580,2013,830855580,20130008755,CITY POLICE DEPARTMENT,04 FOURTH,PALM BEACH,"May 21, 2013",0947,WEDNESDAY,9394 WEST PALM BEACH,0694,Y,AUSTRALIAN AVE,BELVEDERE RD,0.011,S,0,0,26.69064,-80.07484,93650000,1.057,,,,R RIGHT,2 THRU LANE 2,N NORTH,,04 COUNTY,01 NON-JUNCTION,01 ON ROADWAY,01 NOT AT INTERSECTION,03 CURB,0,"December 31, 2000",,,,0,,0,,0,,,RCI,0,,,2 POSSIBLE INJURY,33 Q/C VERIFIED AS OFF-SYSTEM,0 NO,01 NOT AT INTERSECTION/RRX/BRIDGE,01 DAYLIGHT,01 CLEAR,01 DRY,01 LEVEL,1 STRAIGHT,"TWO-WAY, DIVIDED, POSITIVE MED","TWO-WAY, DIVIDED, POSITIVE MED",NO CONTROLS,NO CONTROLS,,NONE,NOT CODED,NOT CODED,NONE,NOT CODED,NOT CODED,01 OVERTURN/ROLLOVER,01 FRONT TO REAR,11 OVERTAKING/PASSING,OPERATED MV IN CARLESS OR NEGL,NO CONTRIBUTING ACTION,00 NOT CODED,00 NOT CODED,00 NOT CODED,00 NOT CODED,01 NO,1,0,0,0,2,0,2,2,N,N,N,N,N,N,N,N,N,N,N,N,N,N,N,N,N,N,N,N,N,N,N,N,N,N,26.69064,-80.07483733,592042.434539,2952505.331634,R,U,ARBM15Q1R2,"February 27, 2022",350653,-8913890.414238399,3084874.799499612
2013830855610,2013,830855610,20130008767,CITY POLICE DEPARTMENT,04 FOURTH,PALM BEACH,"May 21, 2013",1251,WEDNESDAY,9394 WEST PALM BEACH,0694,Y,S AUSTRALIAN AVE,CENTREPARK BLVD,0,E,0,0,26.695509,-80.074544,93650000,1.395,,,,I INTERSECTION,M MIDDLE,N NORTH,,04 COUNTY,02 INTERSECTION,01 ON ROADWAY,02 FOUR-WAY INTERSECTION,03 CURB,0,"December 31, 2000",,,,0,,0,,0,,,RCI,0,,,2 POSSIBLE INJURY,33 Q/C VERIFIED AS OFF-SYSTEM,0 NO,02 AT INTERSECTION,01 DAYLIGHT,02 CLOUDY,01 DRY,01 LEVEL,2 CURVE RIGHT,"TWO-WAY, DIVIDED, POSITIVE MED","TWO-WAY, DIVIDED, POSITIVE MED",TRAFFIC CONTROL SIGNAL,TRAFFIC CONTROL SIGNAL,,NONE,NOT CODED,NOT CODED,NONE,NOT CODED,NOT CODED,14 MOTOR VEHICLE IN TRANSPORT,03 ANGLE,05 TURNING RIGHT,IMPROPER TURN,NO CONTRIBUTING ACTION,00 NOT CODED,00 NOT CODED,00 NOT CODED,00 NOT CODED,01 NO,2,0,0,0,2,0,2,2,N,N,N,Y,N,N,N,N,N,N,N,N,N,N,N,N,N,N,N,N,N,N,N,N,N,N,26.695509505,-80.074545669,592067.538883,2953044.903481,R,U,ARBM15Q1R2,"February 27, 2022",350778,-8913857.946710492,3085481.5327092195