Crash Id,Calendar Year,FDOT Crash Number,Reporting Agency Case Number,Reporting Agency Type,FDOT Managing District,County Name,Crash Date,Crash Time,Day,DHSMV City,Crash Report City Code,In Town,On Roadway Name,Int Roadway Name,Reference Distance (Miles),Reference Direction,Officer Latitude,Officer Longitude,FDOT Latitude,FDOT Longitude,FDOT Roadway,Nearest Inventory MP,Nearest Node From Crash,State Road #,US Highway,Crash Side of Road,Accident Lane Number,Travel Direction Vehicle 1,FDOT Road Category,DHSMV Road System Id,Relation to Junction,Crash Harmful Event Location,Intersection Type,Shoulder Type,FDOT Roadway SKID Test Result,FDOT Roadway SKID Test Date,Functional Class,RCI Surface Width,RCI Shoulder Type First,RCI Shoulder Width First,RCI Shoulder Type Second,RCI Shoulder Width Second,RCI Shoulder Type Third,RCI Shoulder Width Third,RCI Median Width,Avg Daily Traffic,AADT Source,RCI Avg Per Truck Traffic,RCI Horiz Curve Condition,Posted Speed Limit,Highest Injury in Crash,CAR Status Code,Alcohols/Drug Involved,Site Location,Lighting,Weather,Road Surface,Roadway Grade,Roadway Alignment,Traffic Way Vehicle 1,Traffic Way Vehicle 2,Traffic Control Vehicle 1,Traffic Control Vehicle 2,Count of Lanes,Road Condition 1,Road Condition 2,Road Condition 3,Environment Condition 1,Environment Condition 2,Environment Condition 3,Crash Harmful Event,Manner of Collision,Vehicle Movement,Driver Action Vehicle 1,Driver Action Vehicle 2,Location Within Workzone,Type of Workzone,Workers Present in Workzone,Law Enforcement Present in Workzone,School Bus Related,Count of Nonfatal Injuries,Count of Traffic Fatalities,Count of Serious Injuries,Count of Pedestrians,Count of Drivers,Count of Bicyclists,Count of Vehicles,Count of Persons,Wrong Way,Workzone Inv,Commercial Vehicle Inv,Intersection Inv,Lane Departure,Speeding,Agressive Driving,Impaired Driver,Impaired Pedestrian,Impaired Bicyclist,Distracted Driver,Speeding or Aggressive Driving,Pedestrian Related,Bicyclist Related,Pedestrian or Bicyclist Related,Motorcycle Inv,No Belt,No Belt - Ages 1-4,No Belt - Ages 5-12,No Belt - Ages 13-17,Driver - Ages Teen,Driver - Ages 65 plus,Driver - Ages 65-69,Driver - Ages 70-74,Driver - Ages 75-79,Driver - Ages 80 plus,ARBM Latitude,ARBM Longitude,UTM Zone 17N X,UTM Zone 17N Y,ARBM Side of Road,Urban Rural Indicator,GIS Street Source,Extract Date,OBJECTID,x,y
2013830844830,2013,830844830,20130003995,CITY POLICE DEPARTMENT,04 FOURTH,PALM BEACH,"March 7, 2013",1411,FRIDAY,9394 WEST PALM BEACH,0694,Y,OKEECHOBEE BLVD,PARKER AVE,0,,0,0,26.7058382,-80.0614448,93280000,8.612,01766,SR 704,,I INTERSECTION,M MIDDLE,E EAST,30 URBAN 6+LN 2WY DIVD RASD,03 STATE,02 INTERSECTION,01 ON ROADWAY,03 T-INTERSECTION,02 UNPAVED,37,"January 30, 2011",14 URBAN PRIN ART OTHER,47,CURB&GUTTER,2,,0,,0,90,37500,RCI,4.8,,40,2 POSSIBLE INJURY,31 Q/C COMPLETED - LOC VERIFIED,0 NO,02 AT INTERSECTION,01 DAYLIGHT,02 CLOUDY,01 DRY,01 LEVEL,1 STRAIGHT,"TWO-WAY, DIVIDED, POSITIVE MED","TWO-WAY, DIVIDED, POSITIVE MED",TRAFFIC CONTROL SIGNAL,TRAFFIC CONTROL SIGNAL,6,NONE,NOT CODED,NOT CODED,NONE,NOT CODED,NOT CODED,14 MOTOR VEHICLE IN TRANSPORT,03 ANGLE,03 TURNING LEFT,RAN RED LIGHT,NO CONTRIBUTING ACTION,00 NOT CODED,00 NOT CODED,00 NOT CODED,00 NOT CODED,01 NO,1,0,0,0,2,0,2,2,N,N,N,Y,N,N,N,N,N,N,N,N,N,N,N,N,Y,N,N,N,N,N,N,N,N,N,26.705801076,-80.061479733,593359.063992,2954194.333316,R,,ARBM15Q1R2,"February 27, 2022",424496,-8912403.452912632,3086763.9326010104
2013830844850,2013,830844850,20130004018,CITY POLICE DEPARTMENT,08 TURNPIKE,PALM BEACH,"March 7, 2013",1704,FRIDAY,9394 WEST PALM BEACH,0694,Y,45TH ST NW,SR 91,0.038,W,0,0,26.7602751,-80.1338565,93470000,30.53,01484,SR 91,,M MEDIAN,M MIDDLE,W WEST,03 TOLL ROAD URBAN,03 STATE,01 NON-JUNCTION,02 OFF ROADWAY,01 NOT AT INTERSECTION,03 CURB,35,"August 11, 2013",12 URBAN PRIN ART EXPR.,24,PAVED WARN,12,,0,,0,20,51000,RCI,12.3,,70,3 NO-INCAPACITATING INJURY,31 Q/C COMPLETED - LOC VERIFIED,0 NO,03 INFLUENCED BY INTERSECTION,01 DAYLIGHT,02 CLOUDY,01 DRY,04 DOWNHILL,2 CURVE RIGHT,"TWO-WAY, DIVIDED, POSITIVE MED",,NO CONTROLS,NOT CODED,4,NONE,NOT CODED,NOT CODED,NONE,NOT CODED,NOT CODED,18 OTHER NON-FIXED OBJECT,77 OTHER (SEE NARRATIVE),05 TURNING RIGHT,OPERATED MV IN CARLESS OR NEGL,NOT CODED,00 NOT CODED,00 NOT CODED,00 NOT CODED,00 NOT CODED,01 NO,2,0,0,0,1,0,1,2,N,N,N,Y,N,N,N,N,N,N,N,N,N,N,N,Y,N,N,N,N,N,N,N,N,N,N,26.760225353,-80.133865281,586117.191699,2960171.53899,R,,ARBM15Q1R2,"February 27, 2022",424497,-8920461.37783796,3093547.496663154
2013830844910,2013,830844910,20130004028,CITY POLICE DEPARTMENT,04 FOURTH,PALM BEACH,"March 7, 2013",1739,FRIDAY,9394 WEST PALM BEACH,0694,Y,OKEECHOBEE BLVD,PALM BEACH LAKES BLVD,0.009,W,0,0,26.7066892,-80.1005609,93280000,6.191,03983,SR 704,,L LEFT,2 THRU LANE 2,U UNNWN,30 URBAN 6+LN 2WY DIVD RASD,04 COUNTY,02 INTERSECTION,01 ON ROADWAY,02 FOUR-WAY INTERSECTION,03 CURB,36,"December 1, 2013",14 URBAN PRIN ART OTHER,33,PAVED,3,CURB&GUTTER,2,,0,29,64500,RCI,8.1,,45,1 NO INJURY,31 Q/C COMPLETED - LOC VERIFIED,0 NO,02 AT INTERSECTION,02 DUSK,01 CLEAR,01 DRY,01 LEVEL,1 STRAIGHT,UNKNOWN,"TWO-WAY, DIVIDED, POSITIVE MED",UNKNOWN,TRAFFIC CONTROL SIGNAL,8,UNKNOWN,NOT CODED,NOT CODED,NONE,NOT CODED,NOT CODED,14 MOTOR VEHICLE IN TRANSPORT,01 FRONT TO REAR,88 UNKNOWN,OTHER CONTRIBUTING ACTION,NO CONTRIBUTING ACTION,00 NOT CODED,00 NOT CODED,00 NOT CODED,00 NOT CODED,01 NO,0,0,0,0,2,0,2,3,N,N,N,Y,N,N,N,N,N,N,N,N,N,N,N,N,N,N,N,N,N,N,N,N,N,N,26.706826437,-80.100414747,589485.016751,2954279.981479,L,,ARBM15Q1R2,"February 27, 2022",424498,-8916737.680089919,3086891.705854588
2013830865830,2013,830865830,20130013505,CITY POLICE DEPARTMENT,04 FOURTH,PALM BEACH,"August 7, 2013",1612,THURSDAY,9394 WEST PALM BEACH,0694,Y,GREENWOOD AVE,45TH ST,0.095,S,0,0,26.751669,-80.060863,93A00036,0.815,,,,L LEFT,1 THRU LANE 1,E EAST,,05 LOCAL,04 DRIVEWAY/ALLEY ACCESS RELATED,01 ON ROADWAY,77 OTHER (SEE NARRATIVE),01 PAVED,0,"December 31, 2000",,,,0,,0,,0,,,RCI,0,,,2 POSSIBLE INJURY,33 Q/C VERIFIED AS OFF-SYSTEM,0 NO,04 DRIVEWAY ACCESS,01 DAYLIGHT,01 CLEAR,01 DRY,01 LEVEL,1 STRAIGHT,"TWO-WAY, DIVIDED, UNPROTECTED","TWO-WAY, DIVIDED, UNPROTECTED",STOP SIGN,NO CONTROLS,,NONE,NOT CODED,NOT CODED,NONE,NOT CODED,NOT CODED,14 MOTOR VEHICLE IN TRANSPORT,02 FRONT TO FRONT,01 STRAIGHT AHEAD,FAILED TO YIELD RIGHT-OF-WAY,NO CONTRIBUTING ACTION,00 NOT CODED,00 NOT CODED,00 NOT CODED,00 NOT CODED,01 NO,1,0,0,0,2,0,2,2,N,N,N,N,Y,N,N,N,N,N,Y,N,N,N,N,N,N,N,N,N,N,N,N,N,N,N,26.751669028,-80.060863833,593382.876072,2959275.296423,C,U,ARBM15Q1R2,"February 27, 2022",424559,-8912334.89142084,3092480.80210955
2013830865840,2013,830865840,20130013501,CITY POLICE DEPARTMENT,04 FOURTH,PALM BEACH,"August 7, 2013",1454,THURSDAY,9394 WEST PALM BEACH,0694,Y,N AUSTRALIAN AVE,36TH ST,0.133,N,0,0,26.747665,-80.070405,93025501,1.626,,,,R RIGHT,1 THRU LANE 1,U UNNWN,,05 LOCAL,01 NON-JUNCTION,01 ON ROADWAY,03 T-INTERSECTION,03 CURB,0,"December 31, 2000",,,,0,,0,,0,,,RCI,0,,,2 POSSIBLE INJURY,33 Q/C VERIFIED AS OFF-SYSTEM,0 NO,01 NOT AT INTERSECTION/RRX/BRIDGE,01 DAYLIGHT,01 CLEAR,01 DRY,01 LEVEL,1 STRAIGHT,"TWO-WAY, DIVIDED, UNPROTECTED","TWO-WAY, DIVIDED, UNPROTECTED",NO CONTROLS,NO CONTROLS,,NONE,NOT CODED,NOT CODED,NONE,NOT CODED,NOT CODED,14 MOTOR VEHICLE IN TRANSPORT,01 FRONT TO REAR,01 STRAIGHT AHEAD,FOLLOWED TOO CLOSELY,NO CONTRIBUTING ACTION,00 NOT CODED,00 NOT CODED,00 NOT CODED,00 NOT CODED,01 NO,3,0,0,0,2,0,2,6,N,N,N,N,N,N,N,N,N,N,N,N,N,N,N,N,N,N,N,N,N,N,N,N,N,N,26.747664995,-80.070405008,592437.339505,2958824.82859,R,U,ARBM15Q1R2,"February 27, 2022",424560,-8913397.010493128,3091981.6574309203
2013830865890,2013,830865890,20130013530,CITY POLICE DEPARTMENT,04 FOURTH,PALM BEACH,"August 8, 2013",0625,FRIDAY,9394 WEST PALM BEACH,0694,Y,S AUSTRALIAN AVE,BELVEDERE RD,0.142,N,0,0,26.693034,-80.074853,93650000,1.222,,,,R RIGHT,2 THRU LANE 2,N NORTH,,04 COUNTY,01 NON-JUNCTION,01 ON ROADWAY,01 NOT AT INTERSECTION,03 CURB,0,"December 31, 2000",,,,0,,0,,0,,,RCI,0,,,1 NO INJURY,33 Q/C VERIFIED AS OFF-SYSTEM,0 NO,01 NOT AT INTERSECTION/RRX/BRIDGE,03 DAWN,01 CLEAR,01 DRY,01 LEVEL,1 STRAIGHT,"TWO-WAY, DIVIDED, POSITIVE MED","TWO-WAY, DIVIDED, POSITIVE MED",NO CONTROLS,NO CONTROLS,,NONE,NOT CODED,NOT CODED,NONE,NOT CODED,NOT CODED,14 MOTOR VEHICLE IN TRANSPORT,01 FRONT TO REAR,01 STRAIGHT AHEAD,OPERATED MV IN CARLESS OR NEGL,NO CONTRIBUTING ACTION,00 NOT CODED,00 NOT CODED,00 NOT CODED,00 NOT CODED,01 NO,0,0,0,0,3,0,3,3,N,N,N,N,N,N,N,N,N,N,N,N,N,N,N,N,N,N,N,N,N,N,N,N,N,N,26.693034015,-80.074852188,592039.032801,2952770.48933,R,U,ARBM15Q1R2,"February 27, 2022",424561,-8913892.068214962,3085173.0870317323
2013830844920,2013,830844920,20130004030,CITY POLICE DEPARTMENT,04 FOURTH,PALM BEACH,"March 7, 2013",1908,FRIDAY,9394 WEST PALM BEACH,0694,Y,N AUSTRALIAN AVE,PALM BEACH LAKES BLVD,0.009,N,0,0,26.72501,-80.066672,93025501,0.017,,,,L LEFT,2 THRU LANE 2,S SOUTH,,03 STATE,01 NON-JUNCTION,01 ON ROADWAY,02 FOUR-WAY INTERSECTION,03 CURB,0,"December 31, 2000",,,,0,,0,,0,,,RCI,0,,,2 POSSIBLE INJURY,33 Q/C VERIFIED AS OFF-SYSTEM,0 NO,01 NOT AT INTERSECTION/RRX/BRIDGE,04 DARK-LIGHTED,01 CLEAR,01 DRY,01 LEVEL,1 STRAIGHT,"TWO-WAY, DIVIDED, POSITIVE MED","TWO-WAY, DIVIDED, POSITIVE MED",NO CONTROLS,NO CONTROLS,,NONE,NOT CODED,NOT CODED,NONE,NOT CODED,NOT CODED,14 MOTOR VEHICLE IN TRANSPORT,01 FRONT TO REAR,14 SLOWING,DROVE TOO FAST FOR CONDITIONS,NO CONTRIBUTING ACTION,00 NOT CODED,00 NOT CODED,00 NOT CODED,00 NOT CODED,01 NO,2,0,0,0,2,0,2,3,N,N,N,N,N,Y,N,N,N,N,N,Y,N,N,N,N,Y,N,N,N,N,Y,Y,N,N,N,26.725010034,-80.066673475,592826.807814,2956318.19255,L,U,ARBM15Q1R2,"February 27, 2022",424633,-8912981.617876416,3089157.8097972968
2013830844940,2013,830844940,20130004046,CITY POLICE DEPARTMENT,04 FOURTH,PALM BEACH,"March 7, 2013",1737,FRIDAY,9394 WEST PALM BEACH,0694,Y,OKEECHOBEE BLVD,INDIAN RD,0.095,E,0,0,26.7067377,-80.1025662,93280000,6.067,01737,SR 704,,L LEFT,R RIGHT TURN,0,30 URBAN 6+LN 2WY DIVD RASD,04 COUNTY,01 NON-JUNCTION,01 ON ROADWAY,01 NOT AT INTERSECTION,03 CURB,36,"December 1, 2013",14 URBAN PRIN ART OTHER,44,PAVED,3,CURB&GUTTER,2,,0,17,64500,RCI,8.1,,45,1 NO INJURY,31 Q/C COMPLETED - LOC VERIFIED,0 NO,01 NOT AT INTERSECTION/RRX/BRIDGE,02 DUSK,01 CLEAR,01 DRY,01 LEVEL,1 STRAIGHT,UNKNOWN,"TWO-WAY, DIVIDED, POSITIVE MED",UNKNOWN,NO CONTROLS,8,NONE,NOT CODED,NOT CODED,NONE,NOT CODED,NOT CODED,14 MOTOR VEHICLE IN TRANSPORT,01 FRONT TO REAR,88 UNKNOWN,OTHER CONTRIBUTING ACTION,NO CONTRIBUTING ACTION,00 NOT CODED,00 NOT CODED,00 NOT CODED,00 NOT CODED,01 NO,0,0,0,0,2,0,2,2,N,N,N,N,N,N,N,N,N,N,N,N,N,N,N,N,N,N,N,N,N,N,N,N,N,N,26.706866295,-80.102430492,589284.46234,2954282.98286,L,,ARBM15Q1R2,"February 27, 2022",424634,-8916962.071941627,3086896.672814513
2013830850060,2013,830850060,20130006290,CITY POLICE DEPARTMENT,04 FOURTH,PALM BEACH,"April 13, 2013",1409,SUNDAY,9394 WEST PALM BEACH,0694,Y,VILLAGE BLVD,45TH ST,0,E,0,0,26.759313,-80.100139,93577000,4.383,,,,R RIGHT,1 THRU LANE 1,U UNNWN,,05 LOCAL,01 NON-JUNCTION,01 ON ROADWAY,02 FOUR-WAY INTERSECTION,03 CURB,0,"December 31, 2000",,,,0,,0,,0,,,RCI,0,,,1 NO INJURY,33 Q/C VERIFIED AS OFF-SYSTEM,0 NO,01 NOT AT INTERSECTION/RRX/BRIDGE,01 DAYLIGHT,01 CLEAR,01 DRY,01 LEVEL,1 STRAIGHT,UNKNOWN,"TWO-WAY, DIVIDED, POSITIVE MED",UNKNOWN,TRAFFIC CONTROL SIGNAL,,NONE,NOT CODED,NOT CODED,NONE,NOT CODED,NOT CODED,14 MOTOR VEHICLE IN TRANSPORT,77 OTHER (SEE NARRATIVE),88 UNKNOWN,NO CONTRIBUTING ACTION,OTHER CONTRIBUTING ACTION,00 NOT CODED,00 NOT CODED,00 NOT CODED,00 NOT CODED,01 NO,0,0,0,0,2,0,2,2,N,N,N,N,N,N,N,N,N,N,N,N,N,N,N,N,N,N,N,N,N,N,N,N,N,N,26.759315063,-80.10013732,589471.5373,2960093.9848,R,U,ARBM15Q1R2,"February 27, 2022",424635,-8916706.797325201,3093434.009456886
2013830850080,2013,830850080,20130006308,CITY POLICE DEPARTMENT,04 FOURTH,PALM BEACH,"April 13, 2013",2110,SUNDAY,9394 WEST PALM BEACH,0694,Y,TAMARIND AVE,PALM BEACH LAKES BLVD,0,E,0,0,26.724657,-80.061647,93027502,0,,,,I INTERSECTION,M MIDDLE,W WEST,,05 LOCAL,02 INTERSECTION,01 ON ROADWAY,02 FOUR-WAY INTERSECTION,01 PAVED,0,"December 31, 2000",,,,0,,0,,0,,,RCI,0,,,1 NO INJURY,33 Q/C VERIFIED AS OFF-SYSTEM,0 NO,02 AT INTERSECTION,04 DARK-LIGHTED,01 CLEAR,01 DRY,04 DOWNHILL,1 STRAIGHT,"TWO-WAY, NOT DIV, W/CONT LTURN","TWO-WAY, NOT DIV, W/CONT LTURN",TRAFFIC CONTROL SIGNAL,TRAFFIC CONTROL SIGNAL,,NONE,NOT CODED,NOT CODED,NONE,NOT CODED,NOT CODED,14 MOTOR VEHICLE IN TRANSPORT,77 OTHER (SEE NARRATIVE),01 STRAIGHT AHEAD,RAN RED LIGHT,NO CONTRIBUTING ACTION,00 NOT CODED,00 NOT CODED,00 NOT CODED,00 NOT CODED,"02 YES, SCHOOL BUS DIRECTLY INVOL",0,0,0,0,2,0,2,4,N,N,N,Y,N,N,N,N,N,N,N,N,N,N,N,N,N,N,N,N,N,N,N,N,N,N,26.724657,-80.061647332,593327.012726,2956282.761544,C,U,ARBM15Q1R2,"February 27, 2022",424636,-8912422.11012951,3089113.8099245597
2013830850110,2013,830850110,20130006318,CITY POLICE DEPARTMENT,04 FOURTH,PALM BEACH,"April 14, 2013",0734,MONDAY,9394 WEST PALM BEACH,0694,Y,NORTHLAKE BLVD,IBIS BLVD,0,E,0,0,26.811658,-80.205269,93680500,0.465,,,,I INTERSECTION,M MIDDLE,S SOUTH,,05 LOCAL,01 NON-JUNCTION,01 ON ROADWAY,04 Y-INTERSECTION,03 CURB,0,"December 31, 2000",,,,0,,0,,0,,,RCI,0,,,2 POSSIBLE INJURY,33 Q/C VERIFIED AS OFF-SYSTEM,0 NO,01 NOT AT INTERSECTION/RRX/BRIDGE,01 DAYLIGHT,03 RAIN,02 WET,01 LEVEL,1 STRAIGHT,"TWO-WAY, DIVIDED, POSITIVE MED","TWO-WAY, DIVIDED, POSITIVE MED",TRAFFIC CONTROL SIGNAL,TRAFFIC CONTROL SIGNAL,,"RD SURFC (WET, ICY, SNOW, ETC)",NOT CODED,NOT CODED,WEATHER CONDITIONS,NOT CODED,NOT CODED,14 MOTOR VEHICLE IN TRANSPORT,03 ANGLE,03 TURNING LEFT,FAILED TO YIELD RIGHT-OF-WAY,NO CONTRIBUTING ACTION,00 NOT CODED,00 NOT CODED,00 NOT CODED,00 NOT CODED,01 NO,1,0,0,0,2,0,2,2,N,N,N,N,N,N,N,N,N,N,N,N,N,N,N,N,N,N,N,N,N,Y,Y,N,N,N,26.811655052,-80.205267288,578982.0076,2965821.6716,R,U,ARBM15Q1R2,"February 27, 2022",424637,-8928409.815373015,3099960.7962831473
2013830850160,2013,830850160,20130006327,CITY POLICE DEPARTMENT,04 FOURTH,PALM BEACH,"April 14, 2013",0928,MONDAY,9394 WEST PALM BEACH,0694,Y,DIVISION AVE,23RD ST,0,E,0,0,26.734752,-80.059503,93A00024,0,,,,I INTERSECTION,M MIDDLE,E EAST,,05 LOCAL,03 INTERSECTION-RELATED,01 ON ROADWAY,03 T-INTERSECTION,03 CURB,0,"December 31, 2000",,,,0,,0,,0,,,RCI,0,,,1 NO INJURY,33 Q/C VERIFIED AS OFF-SYSTEM,0 NO,03 INFLUENCED BY INTERSECTION,01 DAYLIGHT,01 CLEAR,01 DRY,01 LEVEL,3 CURVE LEFT,UNKNOWN,UNKNOWN,UNKNOWN,NO CONTROLS,,NONE,NOT CODED,NOT CODED,NONE,NOT CODED,NOT CODED,01 OVERTURN/ROLLOVER,01 FRONT TO REAR,88 UNKNOWN,OTHER CONTRIBUTING ACTION,NOT CODED,03 TRANSITION AREA,01 LANE CLOSURE,02 YES,01 NO,01 NO,0,0,0,0,1,0,2,1,N,Y,N,Y,N,N,N,N,N,N,N,N,N,N,N,N,N,N,N,N,N,N,N,N,N,N,26.734755068,-80.059507332,593531.6064,2957402.8327,C,U,ARBM15Q1R2,"February 27, 2022",424638,-8912183.886318563,3090372.419292265
2013830850230,2013,830850230,20130006347,CITY POLICE DEPARTMENT,04 FOURTH,PALM BEACH,"April 14, 2013",1353,MONDAY,9394 WEST PALM BEACH,0694,Y,DIXIE HWY S,MONCEAUX RD,0,,0,0,26.6876679,-80.0544369,93050000,6.661,02176,SR 805,US 1,R RIGHT,2 THRU LANE 2,S SOUTH,22 URBAN 4-5LN 2WY UNDIVD,05 LOCAL,02 INTERSECTION,01 ON ROADWAY,02 FOUR-WAY INTERSECTION,03 CURB,38,"January 29, 2008",16 URBAN MINOR ART,43,PAVED,8,CURB&GUTTER,2,,0,,16400,RCI,4.6,,35,2 POSSIBLE INJURY,31 Q/C COMPLETED - LOC VERIFIED,0 NO,02 AT INTERSECTION,01 DAYLIGHT,01 CLEAR,01 DRY,01 LEVEL,1 STRAIGHT,"TWO-WAY, NOT DIVIDED","TWO-WAY, NOT DIVIDED",NO CONTROLS,NO CONTROLS,4,NONE,NOT CODED,NOT CODED,NONE,NOT CODED,NOT CODED,01 OVERTURN/ROLLOVER,03 ANGLE,03 TURNING LEFT,NO CONTRIBUTING ACTION,NO CONTRIBUTING ACTION,00 NOT CODED,00 NOT CODED,00 NOT CODED,00 NOT CODED,01 NO,1,0,0,0,2,0,2,2,N,N,N,Y,N,N,N,N,N,N,N,N,N,N,N,Y,N,N,N,N,N,Y,N,Y,N,N,26.687659573,-80.054434472,594074.827513,2952190.096093,C,,ARBM15Q1R2,"February 27, 2022",424639,-8911619.177791867,3084503.455663939
2013830866000,2013,830866000,20130013561,CITY POLICE DEPARTMENT,04 FOURTH,PALM BEACH,"August 8, 2013",1604,FRIDAY,9394 WEST PALM BEACH,0694,Y,N AUSTRALIAN AVE,PALM BEACH LAKES BLVD,0.038,S,0,0,26.724233,-80.066579,93025500,1.196,,,,R RIGHT,2 THRU LANE 2,N NORTH,,05 LOCAL,01 NON-JUNCTION,01 ON ROADWAY,02 FOUR-WAY INTERSECTION,03 CURB,0,"December 31, 2000",,,,0,,0,,0,,,RCI,0,,,1 NO INJURY,33 Q/C VERIFIED AS OFF-SYSTEM,0 NO,01 NOT AT INTERSECTION/RRX/BRIDGE,01 DAYLIGHT,01 CLEAR,01 DRY,01 LEVEL,1 STRAIGHT,"TWO-WAY, DIVIDED, UNPROTECTED","TWO-WAY, DIVIDED, UNPROTECTED",NO CONTROLS,NO CONTROLS,,NONE,NOT CODED,NOT CODED,ALL OTHER (SEE NARRTIVE),NOT CODED,NOT CODED,14 MOTOR VEHICLE IN TRANSPORT,01 FRONT TO REAR,01 STRAIGHT AHEAD,FOLLOWED TOO CLOSELY,OTHER CONTRIBUTING ACTION,00 NOT CODED,00 NOT CODED,00 NOT CODED,00 NOT CODED,01 NO,0,0,0,0,2,0,2,2,N,N,N,N,N,N,N,N,N,N,N,N,N,N,N,N,N,N,N,N,N,N,N,N,N,N,26.724232935,-80.066576704,592837.063647,2956232.188716,R,U,ARBM15Q1R2,"February 27, 2022",424696,-8912970.845396798,3089060.957514212
2013830866020,2013,830866020,20130013571,CITY POLICE DEPARTMENT,04 FOURTH,PALM BEACH,"August 8, 2013",1843,FRIDAY,9394 WEST PALM BEACH,0694,Y,VILLAGE BLVD,SHILOH DR,0,E,0,0,26.754256,-80.098514,93577000,4.003,,,,I INTERSECTION,M MIDDLE,U UNNWN,,05 LOCAL,02 INTERSECTION,01 ON ROADWAY,02 FOUR-WAY INTERSECTION,01 PAVED,0,"December 31, 2000",,,,0,,0,,0,,,RCI,0,,,2 POSSIBLE INJURY,33 Q/C VERIFIED AS OFF-SYSTEM,0 NO,02 AT INTERSECTION,01 DAYLIGHT,01 CLEAR,01 DRY,01 LEVEL,1 STRAIGHT,"TWO-WAY, NOT DIVIDED","TWO-WAY, NOT DIVIDED",TRAFFIC CONTROL SIGNAL,TRAFFIC CONTROL SIGNAL,,NONE,NOT CODED,NOT CODED,NONE,NOT CODED,NOT CODED,14 MOTOR VEHICLE IN TRANSPORT,03 ANGLE,01 STRAIGHT AHEAD,FAILED TO YIELD RIGHT-OF-WAY,NO CONTRIBUTING ACTION,00 NOT CODED,00 NOT CODED,00 NOT CODED,00 NOT CODED,01 NO,5,0,0,0,3,0,3,6,N,N,N,Y,N,N,N,N,N,N,N,N,N,N,N,N,N,N,N,N,N,N,N,N,N,N,26.75425398,-80.098515859,589636.735079,2959534.542224,L,U,ARBM15Q1R2,"February 27, 2022",424697,-8916526.297007494,3092803.052777012
2013830866200,2013,830866200,20130013656,CITY POLICE DEPARTMENT,04 FOURTH,PALM BEACH,"August 10, 2013",0936,SUNDAY,9394 WEST PALM BEACH,0694,Y,OKEECHOBEE BLVD,GOLDEN LAKES BLVD,0.009,E,0,0,26.7083455,-80.1657623,93280000,2.163,01722,SR 704,,R RIGHT,3 THRU LANE 3,W WEST,33 SUBURBAN 6+LN 2WY DIVD RASD,03 STATE,01 NON-JUNCTION,01 ON ROADWAY,01 NOT AT INTERSECTION,02 UNPAVED,42,"January 30, 2011",14 URBAN PRIN ART OTHER,48,PAVED,5,LAWN,12,,0,23,48000,RCI,5,,50,4 INCAPACITATING INJURY,31 Q/C COMPLETED - LOC VERIFIED,0 NO,02 AT INTERSECTION,01 DAYLIGHT,01 CLEAR,01 DRY,01 LEVEL,1 STRAIGHT,"TWO-WAY, DIVIDED, POSITIVE MED","TWO-WAY, DIVIDED, POSITIVE MED",NO CONTROLS,NO CONTROLS,8,NONE,NOT CODED,NOT CODED,NONE,NOT CODED,NOT CODED,14 MOTOR VEHICLE IN TRANSPORT,01 FRONT TO REAR,01 STRAIGHT AHEAD,NO CONTRIBUTING ACTION,NO CONTRIBUTING ACTION,00 NOT CODED,00 NOT CODED,00 NOT CODED,00 NOT CODED,01 NO,3,0,2,0,2,0,2,4,N,N,N,Y,N,N,N,N,N,N,N,N,N,N,N,N,N,N,N,N,N,N,N,N,N,N,26.708313823,-80.16594865,582964.755871,2954400.397664,R,,ARBM15Q1R2,"February 27, 2022",424698,-8924032.882984975,3087077.0554159554
2013830856660,2013,830856660,20130009229,CITY POLICE DEPARTMENT,04 FOURTH,PALM BEACH,"May 28, 2013",1859,WEDNESDAY,9394 WEST PALM BEACH,0694,Y,45TH ST,CORPORATE WAY,0.002,E,0,0,26.758842,-80.088645,93510000,1.231,,,,R RIGHT,2 THRU LANE 2,E EAST,,05 LOCAL,02 INTERSECTION,01 ON ROADWAY,02 FOUR-WAY INTERSECTION,01 PAVED,0,"December 31, 2000",,,,0,,0,,0,,,RCI,0,,,3 NO-INCAPACITATING INJURY,33 Q/C VERIFIED AS OFF-SYSTEM,0 NO,02 AT INTERSECTION,01 DAYLIGHT,01 CLEAR,01 DRY,01 LEVEL,1 STRAIGHT,"TWO-WAY, DIVIDED, UNPROTECTED","TWO-WAY, DIVIDED, UNPROTECTED",TRAFFIC CONTROL SIGNAL,TRAFFIC CONTROL SIGNAL,,NONE,NOT CODED,NOT CODED,NONE,NOT CODED,NOT CODED,14 MOTOR VEHICLE IN TRANSPORT,"05 SIDESWIPE, OPPOSITE DIRECTION",05 TURNING RIGHT,OTHER CONTRIBUTING ACTION,NO CONTRIBUTING ACTION,00 NOT CODED,00 NOT CODED,00 NOT CODED,00 NOT CODED,01 NO,1,0,0,0,2,0,2,2,N,N,N,Y,N,N,N,N,N,N,N,N,N,N,N,N,N,N,N,N,N,N,N,N,N,N,26.75884321,-80.088644914,590614.635823,2960049.853453,R,U,ARBM15Q1R2,"February 27, 2022",424732,-8915427.468161551,3093375.1832687114