Crash Id,Calendar Year,FDOT Crash Number,Reporting Agency Case Number,Reporting Agency Type,FDOT Managing District,County Name,Crash Date,Crash Time,Day,DHSMV City,Crash Report City Code,In Town,On Roadway Name,Int Roadway Name,Reference Distance (Miles),Reference Direction,Officer Latitude,Officer Longitude,FDOT Latitude,FDOT Longitude,FDOT Roadway,Nearest Inventory MP,Nearest Node From Crash,State Road #,US Highway,Crash Side of Road,Accident Lane Number,Travel Direction Vehicle 1,FDOT Road Category,DHSMV Road System Id,Relation to Junction,Crash Harmful Event Location,Intersection Type,Shoulder Type,FDOT Roadway SKID Test Result,FDOT Roadway SKID Test Date,Functional Class,RCI Surface Width,RCI Shoulder Type First,RCI Shoulder Width First,RCI Shoulder Type Second,RCI Shoulder Width Second,RCI Shoulder Type Third,RCI Shoulder Width Third,RCI Median Width,Avg Daily Traffic,AADT Source,RCI Avg Per Truck Traffic,RCI Horiz Curve Condition,Posted Speed Limit,Highest Injury in Crash,CAR Status Code,Alcohols/Drug Involved,Site Location,Lighting,Weather,Road Surface,Roadway Grade,Roadway Alignment,Traffic Way Vehicle 1,Traffic Way Vehicle 2,Traffic Control Vehicle 1,Traffic Control Vehicle 2,Count of Lanes,Road Condition 1,Road Condition 2,Road Condition 3,Environment Condition 1,Environment Condition 2,Environment Condition 3,Crash Harmful Event,Manner of Collision,Vehicle Movement,Driver Action Vehicle 1,Driver Action Vehicle 2,Location Within Workzone,Type of Workzone,Workers Present in Workzone,Law Enforcement Present in Workzone,School Bus Related,Count of Nonfatal Injuries,Count of Traffic Fatalities,Count of Serious Injuries,Count of Pedestrians,Count of Drivers,Count of Bicyclists,Count of Vehicles,Count of Persons,Wrong Way,Workzone Inv,Commercial Vehicle Inv,Intersection Inv,Lane Departure,Speeding,Agressive Driving,Impaired Driver,Impaired Pedestrian,Impaired Bicyclist,Distracted Driver,Speeding or Aggressive Driving,Pedestrian Related,Bicyclist Related,Pedestrian or Bicyclist Related,Motorcycle Inv,No Belt,No Belt - Ages 1-4,No Belt - Ages 5-12,No Belt - Ages 13-17,Driver - Ages Teen,Driver - Ages 65 plus,Driver - Ages 65-69,Driver - Ages 70-74,Driver - Ages 75-79,Driver - Ages 80 plus,ARBM Latitude,ARBM Longitude,UTM Zone 17N X,UTM Zone 17N Y,ARBM Side of Road,Urban Rural Indicator,GIS Street Source,Extract Date,OBJECTID,x,y
2013830846640,2013,830846640,20130004733,CITY POLICE DEPARTMENT,04 FOURTH,PALM BEACH,"March 19, 2013",1659,WEDNESDAY,9394 WEST PALM BEACH,0694,Y,AUSTRALIAN AVE,BELVEDERE RD,0.057,S,0,0,26.689983,-80.074841,93650000,1.012,,,,L LEFT,L LEFT TURN,N NORTH,,04 COUNTY,01 NON-JUNCTION,01 ON ROADWAY,01 NOT AT INTERSECTION,03 CURB,0,"December 31, 2000",,,,0,,0,,0,,,RCI,0,,,1 NO INJURY,33 Q/C VERIFIED AS OFF-SYSTEM,0 NO,01 NOT AT INTERSECTION/RRX/BRIDGE,01 DAYLIGHT,02 CLOUDY,01 DRY,01 LEVEL,1 STRAIGHT,"TWO-WAY, DIVIDED, POSITIVE MED","TWO-WAY, DIVIDED, POSITIVE MED",NO CONTROLS,NO CONTROLS,,NONE,NOT CODED,NOT CODED,NONE,NOT CODED,NOT CODED,14 MOTOR VEHICLE IN TRANSPORT,"04 SIDESWIPE, SAME DIRECTION",06 CHANGING LANES,OTHER CONTRIBUTING ACTION,NO CONTRIBUTING ACTION,00 NOT CODED,00 NOT CODED,00 NOT CODED,00 NOT CODED,01 NO,0,0,0,0,2,0,2,2,N,N,N,N,Y,N,N,N,N,N,N,N,N,N,N,N,N,N,N,N,N,N,N,N,N,N,26.689982997,-80.074840853,592042.611838,2952432.557499,R,U,ARBM15Q1R2,"February 27, 2022",425605,-8913890.806444373,3084792.9399704915
2013830846650,2013,830846650,20130004746,CITY POLICE DEPARTMENT,04 FOURTH,PALM BEACH,"March 19, 2013",2334,WEDNESDAY,9394 WEST PALM BEACH,0694,Y,OKEECHOBEE BLVD,TAMARIND AVE S,0,,0,0,26.7058382,-80.0614448,93280000,8.612,01766,SR 704,,L LEFT,1 THRU LANE 1,S SOUTH,30 URBAN 6+LN 2WY DIVD RASD,03 STATE,02 INTERSECTION,01 ON ROADWAY,02 FOUR-WAY INTERSECTION,01 PAVED,37,"January 30, 2011",14 URBAN PRIN ART OTHER,47,CURB&GUTTER,2,,0,,0,90,37500,RCI,4.8,,40,1 NO INJURY,31 Q/C COMPLETED - LOC VERIFIED,0 NO,02 AT INTERSECTION,04 DARK-LIGHTED,01 CLEAR,01 DRY,01 LEVEL,1 STRAIGHT,"TWO-WAY, NOT DIVIDED","TWO-WAY, DIVIDED, POSITIVE MED",TRAFFIC CONTROL SIGNAL,TRAFFIC CONTROL SIGNAL,6,NONE,NOT CODED,NOT CODED,NONE,NOT CODED,NOT CODED,14 MOTOR VEHICLE IN TRANSPORT,03 ANGLE,01 STRAIGHT AHEAD,OTHER CONTRIBUTING ACTION,NO CONTRIBUTING ACTION,00 NOT CODED,00 NOT CODED,00 NOT CODED,00 NOT CODED,01 NO,0,0,0,0,2,0,2,3,N,N,N,Y,N,N,N,N,N,N,N,N,N,N,N,N,Y,N,N,N,N,N,N,N,N,N,26.706106699,-80.061136478,593392.961694,2954228.43673,L,,ARBM15Q1R2,"February 27, 2022",425606,-8912365.241956765,3086802.017173251
2013830851810,2013,830851810,20130007119,CITY POLICE DEPARTMENT,04 FOURTH,PALM BEACH,"April 25, 2013",1901,FRIDAY,9394 WEST PALM BEACH,0694,Y,5TH ST,TAMARIND AVE,0.028,E,0,0,26.718131,-80.061427,93A11383,0.028,,,,L LEFT,1 THRU LANE 1,U UNNWN,,05 LOCAL,01 NON-JUNCTION,01 ON ROADWAY,01 NOT AT INTERSECTION,03 CURB,0,"December 31, 2000",,,,0,,0,,0,,,RCI,0,,,0 UNKNOWN/NOT CODED,33 Q/C VERIFIED AS OFF-SYSTEM,0 NO,01 NOT AT INTERSECTION/RRX/BRIDGE,01 DAYLIGHT,01 CLEAR,01 DRY,01 LEVEL,3 CURVE LEFT,UNKNOWN,"TWO-WAY, NOT DIVIDED",UNKNOWN,NO CONTROLS,,NONE,NOT CODED,NOT CODED,NONE,NOT CODED,NOT CODED,15 PARKED MOTOR VEHICLE,01 FRONT TO REAR,88 UNKNOWN,NOT CODED,NOT CODED,00 NOT CODED,00 NOT CODED,00 NOT CODED,00 NOT CODED,01 NO,0,0,0,0,0,0,2,0,N,N,N,N,Y,N,N,N,N,N,N,N,N,N,N,N,N,N,N,N,N,N,N,N,N,N,26.718130309,-80.061427028,593354.250414,2955560.002271,C,U,ARBM15Q1R2,"February 27, 2022",425607,-8912397.585918112,3088300.391767392
2013830851890,2013,830851890,20130007165,CITY POLICE DEPARTMENT,04 FOURTH,PALM BEACH,"April 26, 2013",1629,SATURDAY,9394 WEST PALM BEACH,0694,Y,BUNKER RD,DIXIE HWY S,0,,0,0,26.6647123,-80.055538,93050000,5.076,00114,SR 805,US 1,L LEFT,1 THRU LANE 1,U UNNWN,22 URBAN 4-5LN 2WY UNDIVD,05 LOCAL,02 INTERSECTION,01 ON ROADWAY,03 T-INTERSECTION,03 CURB,36,"April 12, 2011",16 URBAN MINOR ART,46,PAVED,7,CURB&GUTTER,2,,0,,16600,RCI,6.3,,35,3 NO-INCAPACITATING INJURY,31 Q/C COMPLETED - LOC VERIFIED,0 NO,02 AT INTERSECTION,01 DAYLIGHT,01 CLEAR,01 DRY,01 LEVEL,1 STRAIGHT,"TWO-WAY, NOT DIVIDED","TWO-WAY, NOT DIVIDED",TRAFFIC CONTROL SIGNAL,TRAFFIC CONTROL SIGNAL,4,NONE,NOT CODED,NOT CODED,NONE,NOT CODED,NOT CODED,14 MOTOR VEHICLE IN TRANSPORT,"05 SIDESWIPE, OPPOSITE DIRECTION",03 TURNING LEFT,FAILED TO YIELD RIGHT-OF-WAY,NO CONTRIBUTING ACTION,00 NOT CODED,00 NOT CODED,00 NOT CODED,00 NOT CODED,01 NO,1,0,0,0,2,0,2,3,N,N,N,Y,N,N,N,N,N,N,N,N,N,N,N,N,N,N,N,N,N,N,N,N,N,N,26.664682948,-80.055532298,593984.433951,2949644.322915,C,,ARBM15Q1R2,"February 27, 2022",425608,-8911741.387112843,3081641.0264347186
2013830851910,2013,830851910,20130007173,CITY POLICE DEPARTMENT,04 FOURTH,PALM BEACH,"April 26, 2013",1841,SATURDAY,9394 WEST PALM BEACH,0694,Y,PALM BEACH LAKES BLVD,N ROBBINS DR,0,E,0,0,26.716041,-80.092058,93014500,0.838,,,,R RIGHT,3 THRU LANE 3,E EAST,,05 LOCAL,02 INTERSECTION,01 ON ROADWAY,02 FOUR-WAY INTERSECTION,03 CURB,0,"December 31, 2000",,,,0,,0,,0,,,RCI,0,,,1 NO INJURY,33 Q/C VERIFIED AS OFF-SYSTEM,0 NO,02 AT INTERSECTION,01 DAYLIGHT,01 CLEAR,01 DRY,01 LEVEL,1 STRAIGHT,UNKNOWN,"TWO-WAY, DIVIDED, POSITIVE MED",UNKNOWN,TRAFFIC CONTROL SIGNAL,,NONE,NOT CODED,NOT CODED,NONE,NOT CODED,NOT CODED,14 MOTOR VEHICLE IN TRANSPORT,03 ANGLE,88 UNKNOWN,OTHER CONTRIBUTING ACTION,NO CONTRIBUTING ACTION,00 NOT CODED,00 NOT CODED,00 NOT CODED,00 NOT CODED,01 NO,0,0,0,0,2,0,2,2,N,N,N,Y,N,N,N,N,N,N,N,N,N,N,N,N,N,N,N,N,N,N,N,N,N,N,26.716045073,-80.092057324,590309.1278,2955306.9598,R,U,ARBM15Q1R2,"February 27, 2022",425743,-8915807.3358244,3088040.519546681
2013830851920,2013,830851920,20130007180,CITY POLICE DEPARTMENT,04 FOURTH,PALM BEACH,"April 26, 2013",2043,SATURDAY,9394 WEST PALM BEACH,0694,Y,SELKIRK ST,GEORGIA AVE,0.014,W,0,0,26.667303,-80.058989,93A12898,0.486,,,,R RIGHT,1 THRU LANE 1,W WEST,,05 LOCAL,01 NON-JUNCTION,01 ON ROADWAY,01 NOT AT INTERSECTION,03 CURB,0,"December 31, 2000",,,,0,,0,,0,,,RCI,0,,,1 NO INJURY,33 Q/C VERIFIED AS OFF-SYSTEM,0 NO,01 NOT AT INTERSECTION/RRX/BRIDGE,04 DARK-LIGHTED,01 CLEAR,01 DRY,01 LEVEL,1 STRAIGHT,UNKNOWN,"TWO-WAY, NOT DIVIDED",UNKNOWN,NO CONTROLS,,NONE,NOT CODED,NOT CODED,NONE,NOT CODED,NOT CODED,15 PARKED MOTOR VEHICLE,02 FRONT TO FRONT,88 UNKNOWN,OTHER CONTRIBUTING ACTION,NOT CODED,00 NOT CODED,00 NOT CODED,00 NOT CODED,00 NOT CODED,01 NO,0,0,0,0,1,0,2,1,N,N,N,N,Y,N,N,N,N,N,N,N,N,N,N,N,N,N,N,N,N,N,N,N,N,N,26.667305803,-80.058988839,593638.311699,2949932.297956,C,U,ARBM15Q1R2,"February 27, 2022",425744,-8912126.167716848,3081967.752814003
2013830845070,2013,830845070,20130004108,CITY POLICE DEPARTMENT,04 FOURTH,PALM BEACH,"March 9, 2013",0012,SUNDAY,9394 WEST PALM BEACH,0694,Y,N NARCISSUS AVE,CLEMATIS ST,0.038,N,0,0,26.713842,-80.05069,93A11469,0.177,,,,L LEFT,S SIDE OF ROAD,S SOUTH,,05 LOCAL,04 DRIVEWAY/ALLEY ACCESS RELATED,02 OFF ROADWAY,77 OTHER (SEE NARRATIVE),03 CURB,0,"December 31, 2000",,,,0,,0,,0,,,RCI,0,,,1 NO INJURY,33 Q/C VERIFIED AS OFF-SYSTEM,0 NO,04 DRIVEWAY ACCESS,04 DARK-LIGHTED,01 CLEAR,01 DRY,01 LEVEL,1 STRAIGHT,"TWO-WAY, NOT DIVIDED",ONE-WAY TRAFFICWAY,NO CONTROLS,NO CONTROLS,,NONE,NOT CODED,NOT CODED,NONE,NOT CODED,NOT CODED,14 MOTOR VEHICLE IN TRANSPORT,01 FRONT TO REAR,88 UNKNOWN,OTHER CONTRIBUTING ACTION,OTHER CONTRIBUTING ACTION,00 NOT CODED,00 NOT CODED,00 NOT CODED,00 NOT CODED,01 NO,0,0,0,0,2,0,2,2,N,N,N,N,N,N,N,N,N,N,N,N,N,N,N,N,N,N,N,N,N,N,N,N,N,N,26.713842015,-80.050691974,594425.598849,2955092.924357,O,U,ARBM15Q1R2,"February 27, 2022",425843,-8911202.564804552,3087765.9692106787
2013830845080,2013,830845080,20130004115,CITY POLICE DEPARTMENT,04 FOURTH,PALM BEACH,"March 9, 2013",0108,SUNDAY,9394 WEST PALM BEACH,0694,Y,CLEMATIS ST,S ROSEMARY AVE,0.019,E,0,0,26.71344,-80.056723,93900003,0.322,,,,R RIGHT,P PARKING,U UNNWN,,05 LOCAL,77 OTHER (SEE NARRATIVE),01 ON ROADWAY,01 NOT AT INTERSECTION,01 PAVED,0,"December 31, 2000",,,,0,,0,,0,,,RCI,0,,,1 NO INJURY,33 Q/C VERIFIED AS OFF-SYSTEM,0 NO,77 ALL OTHER,04 DARK-LIGHTED,01 CLEAR,01 DRY,01 LEVEL,1 STRAIGHT,UNKNOWN,"TWO-WAY, DIVIDED, UNPROTECTED",UNKNOWN,NO CONTROLS,,NONE,NOT CODED,NOT CODED,NONE,NOT CODED,NOT CODED,15 PARKED MOTOR VEHICLE,"04 SIDESWIPE, SAME DIRECTION",88 UNKNOWN,OTHER CONTRIBUTING ACTION,NOT CODED,00 NOT CODED,00 NOT CODED,00 NOT CODED,00 NOT CODED,01 NO,0,0,0,0,1,0,2,1,N,N,N,N,Y,N,N,N,N,N,N,N,N,N,N,N,N,N,N,N,N,N,N,N,N,N,26.713436333,-80.056723131,593825.992776,2955043.534873,C,U,ARBM15Q1R2,"February 27, 2022",425844,-8911873.950237025,3087715.4126766273
2013830845090,2013,830845090,20130004122,CITY POLICE DEPARTMENT,04 FOURTH,PALM BEACH,"March 9, 2013",0519,SUNDAY,9394 WEST PALM BEACH,0694,Y,OKEECHOBEE BLVD,SEMINOLE BLVD,0.009,W,0,0,26.706534,-80.0952035,93280000,6.522,01740,SR 704,,L LEFT,2 THRU LANE 2,W WEST,30 URBAN 6+LN 2WY DIVD RASD,03 STATE,01 NON-JUNCTION,01 ON ROADWAY,01 NOT AT INTERSECTION,03 CURB,36,"December 1, 2013",14 URBAN PRIN ART OTHER,44,PAVED,3,CURB&GUTTER,2,,0,17,45500,RCI,4.8,,45,3 NO-INCAPACITATING INJURY,31 Q/C COMPLETED - LOC VERIFIED,0 NO,02 AT INTERSECTION,04 DARK-LIGHTED,01 CLEAR,01 DRY,01 LEVEL,1 STRAIGHT,"TWO-WAY, DIVIDED, UNPROTECTED","TWO-WAY, DIVIDED, UNPROTECTED",NO CONTROLS,NO CONTROLS,8,NONE,NOT CODED,NOT CODED,NONE,NOT CODED,NOT CODED,14 MOTOR VEHICLE IN TRANSPORT,03 ANGLE,06 CHANGING LANES,FAILED TO KEEP IN PROPER LANE,NO CONTRIBUTING ACTION,00 NOT CODED,00 NOT CODED,00 NOT CODED,00 NOT CODED,01 NO,1,0,0,0,2,0,2,2,N,N,N,Y,N,N,N,N,N,N,N,N,N,N,N,N,N,N,N,N,N,N,N,N,N,N,26.706673079,-80.095038098,590019.998744,2954266.780839,L,,ARBM15Q1R2,"February 27, 2022",425845,-8916139.154239068,3086872.5953237005
2013830845100,2013,830845100,20130004130,CITY POLICE DEPARTMENT,04 FOURTH,PALM BEACH,"March 9, 2013",1115,SUNDAY,9394 WEST PALM BEACH,0694,Y,LAKE AVE,AVENIDA HERMOSA,0.032,S,0,0,26.68229,-80.060669,93000043,0.444,,,,L LEFT,P PARKING,U UNNWN,,05 LOCAL,01 NON-JUNCTION,01 ON ROADWAY,01 NOT AT INTERSECTION,03 CURB,0,"December 31, 2000",,,,0,,0,,0,,,RCI,0,,,1 NO INJURY,33 Q/C VERIFIED AS OFF-SYSTEM,0 NO,01 NOT AT INTERSECTION/RRX/BRIDGE,01 DAYLIGHT,02 CLOUDY,01 DRY,01 LEVEL,1 STRAIGHT,UNKNOWN,"TWO-WAY, NOT DIVIDED",UNKNOWN,NO CONTROLS,,NONE,NOT CODED,NOT CODED,NONE,NOT CODED,NOT CODED,15 PARKED MOTOR VEHICLE,"04 SIDESWIPE, SAME DIRECTION",88 UNKNOWN,NOT CODED,NOT CODED,00 NOT CODED,00 NOT CODED,00 NOT CODED,00 NOT CODED,01 NO,0,0,0,0,0,0,2,1,N,N,N,N,Y,N,N,N,N,N,N,N,N,N,N,N,N,N,N,N,N,N,N,N,N,N,26.68229,-80.060667334,593459.062465,2951590.763079,C,U,ARBM15Q1R2,"February 27, 2022",425846,-8912313.016929615,3083834.462249366
2013830845130,2013,830845130,20130004136,CITY POLICE DEPARTMENT,04 FOURTH,PALM BEACH,"March 9, 2013",1321,SUNDAY,9394 WEST PALM BEACH,0694,Y,PUTNAM RANCH RD,DIXIE HWY S,0,,0,0,26.6662026,-80.0554277,93050000,5.179,00118,SR 805,US 1,I INTERSECTION,M MIDDLE,0,22 URBAN 4-5LN 2WY UNDIVD,05 LOCAL,01 NON-JUNCTION,01 ON ROADWAY,02 FOUR-WAY INTERSECTION,03 CURB,36,"April 12, 2011",16 URBAN MINOR ART,46,PAVED,7,CURB&GUTTER,2,,0,,16600,RCI,6.3,,35,1 NO INJURY,31 Q/C COMPLETED - LOC VERIFIED,0 NO,02 AT INTERSECTION,01 DAYLIGHT,02 CLOUDY,01 DRY,01 LEVEL,1 STRAIGHT,UNKNOWN,"TWO-WAY, NOT DIVIDED",UNKNOWN,STOP SIGN,4,NONE,NOT CODED,NOT CODED,NONE,NOT CODED,NOT CODED,14 MOTOR VEHICLE IN TRANSPORT,03 ANGLE,88 UNKNOWN,OTHER CONTRIBUTING ACTION,NO CONTRIBUTING ACTION,00 NOT CODED,00 NOT CODED,00 NOT CODED,00 NOT CODED,01 NO,0,0,0,0,2,0,2,2,N,N,N,Y,N,N,N,N,N,N,N,N,N,N,N,N,N,N,N,N,N,N,N,N,N,N,26.666175128,-80.055421451,593994.242041,2949809.682858,C,,ARBM15Q1R2,"February 27, 2022",425847,-8911729.04779454,3081826.9048266797
2013830869080,2013,830869080,20130014980,CITY POLICE DEPARTMENT,04 FOURTH,PALM BEACH,"September 1, 2013",1225,MONDAY,9394 WEST PALM BEACH,0694,Y,PARKER AVE,PARK PL,0.009,S,0,0,26.697906,-80.062262,93027501,0.509,,,,L LEFT,S SIDE OF ROAD,S SOUTH,,05 LOCAL,01 NON-JUNCTION,01 ON ROADWAY,01 NOT AT INTERSECTION,03 CURB,0,"December 31, 2000",,,,0,,0,,0,,,RCI,0,,,2 POSSIBLE INJURY,33 Q/C VERIFIED AS OFF-SYSTEM,0 NO,01 NOT AT INTERSECTION/RRX/BRIDGE,01 DAYLIGHT,02 CLOUDY,01 DRY,01 LEVEL,1 STRAIGHT,"TWO-WAY, DIVIDED, POSITIVE MED",,NO CONTROLS,NOT CODED,,NONE,NOT CODED,NOT CODED,NONE,NOT CODED,NOT CODED,24 CURB,07 REAR TO REAR,01 STRAIGHT AHEAD,OPERATED MV IN CARLESS OR NEGL,NOT CODED,00 NOT CODED,00 NOT CODED,00 NOT CODED,00 NOT CODED,01 NO,1,0,0,0,1,0,1,1,N,N,N,N,Y,N,N,N,N,N,N,N,N,N,N,Y,N,N,N,N,N,N,N,N,N,N,26.697906105,-80.062264521,593287.424882,2953319.284694,C,U,ARBM15Q1R2,"February 27, 2022",425984,-8912490.815159313,3085780.1550943204
2013830843000,2013,830843000,20130003334,CITY POLICE DEPARTMENT,04 FOURTH,PALM BEACH,"February 24, 2013",0939,MONDAY,9394 WEST PALM BEACH,0694,Y,PALM BEACH LAKES BLVD,EXECUTIVE CENTER DR,0,E,0,0,26.721069,-80.087558,93014500,1.289,,,,L LEFT,3 THRU LANE 3,U UNNWN,,05 LOCAL,01 NON-JUNCTION,01 ON ROADWAY,02 FOUR-WAY INTERSECTION,03 CURB,0,"December 31, 2000",,,,0,,0,,0,,,RCI,0,,,1 NO INJURY,33 Q/C VERIFIED AS OFF-SYSTEM,0 NO,01 NOT AT INTERSECTION/RRX/BRIDGE,01 DAYLIGHT,01 CLEAR,01 DRY,01 LEVEL,1 STRAIGHT,UNKNOWN,"TWO-WAY, DIVIDED, POSITIVE MED",UNKNOWN,TRAFFIC CONTROL SIGNAL,,NONE,NOT CODED,NOT CODED,NONE,NOT CODED,NOT CODED,14 MOTOR VEHICLE IN TRANSPORT,"04 SIDESWIPE, SAME DIRECTION",88 UNKNOWN,OTHER CONTRIBUTING ACTION,NO CONTRIBUTING ACTION,00 NOT CODED,00 NOT CODED,00 NOT CODED,00 NOT CODED,01 NO,0,0,0,0,2,0,2,3,N,N,N,N,Y,N,N,N,N,N,N,N,N,N,N,N,N,N,N,N,N,N,N,N,N,N,26.721067132,-80.087555453,590752.948909,2955866.417571,R,U,ARBM15Q1R2,"February 27, 2022",426000,-8915306.189677276,3088666.4007154386
2013830843070,2013,830843070,20130003366,CITY POLICE DEPARTMENT,04 FOURTH,PALM BEACH,"February 24, 2013",1659,MONDAY,9394 WEST PALM BEACH,0694,Y,FOREST HILL BLVD,GEORGIA AVE,0.057,W,0,0,26.6551758,-80.0601619,93016000,8.972,02427,SR 882,,R RIGHT,U UNKNOWN,E EAST,21 URBAN 4-5LN 2WY DIVD PAVD,05 LOCAL,01 NON-JUNCTION,01 ON ROADWAY,01 NOT AT INTERSECTION,01 PAVED,39,"June 25, 2012",16 URBAN MINOR ART,18,CURB W RESF,2,,0,,0,10,15800,RCI,3.6,,35,1 NO INJURY,31 Q/C COMPLETED - LOC VERIFIED,0 NO,01 NOT AT INTERSECTION/RRX/BRIDGE,01 DAYLIGHT,02 CLOUDY,01 DRY,01 LEVEL,1 STRAIGHT,"TWO-WAY, DIVIDED, UNPROTECTED","TWO-WAY, DIVIDED, UNPROTECTED",NO CONTROLS,NO CONTROLS,4,NONE,NOT CODED,NOT CODED,NONE,NOT CODED,NOT CODED,14 MOTOR VEHICLE IN TRANSPORT,"04 SIDESWIPE, SAME DIRECTION",01 STRAIGHT AHEAD,OTHER CONTRIBUTING ACTION,NO CONTRIBUTING ACTION,00 NOT CODED,00 NOT CODED,00 NOT CODED,00 NOT CODED,01 NO,0,0,0,0,2,0,2,2,N,N,Y,N,Y,N,N,N,N,N,N,N,N,N,N,N,N,N,N,N,N,N,N,N,N,N,26.655194458,-80.060153923,593532.244928,2948589.956584,C,,ARBM15Q1R2,"February 27, 2022",426001,-8912255.86427087,3080459.1181385927
2013830843130,2013,830843130,20130003368,CITY POLICE DEPARTMENT,04 FOURTH,PALM BEACH,"February 24, 2013",1728,MONDAY,9394 WEST PALM BEACH,0694,Y,45TH ST,NORTHPOINT BLVD,0.006,W,0,0,26.759362,-80.096752,93510000,0.729,,,,L LEFT,1 THRU LANE 1,W WEST,,05 LOCAL,01 NON-JUNCTION,01 ON ROADWAY,02 FOUR-WAY INTERSECTION,03 CURB,0,"December 31, 2000",,,,0,,0,,0,,,RCI,0,,,2 POSSIBLE INJURY,33 Q/C VERIFIED AS OFF-SYSTEM,0 NO,01 NOT AT INTERSECTION/RRX/BRIDGE,01 DAYLIGHT,01 CLEAR,02 WET,01 LEVEL,1 STRAIGHT,"TWO-WAY, DIVIDED, POSITIVE MED","TWO-WAY, DIVIDED, POSITIVE MED",NO CONTROLS,NO CONTROLS,,"RD SURFC (WET, ICY, SNOW, ETC)",NOT CODED,NOT CODED,WEATHER CONDITIONS,NOT CODED,NOT CODED,14 MOTOR VEHICLE IN TRANSPORT,01 FRONT TO REAR,01 STRAIGHT AHEAD,NO CONTRIBUTING ACTION,NO CONTRIBUTING ACTION,00 NOT CODED,00 NOT CODED,00 NOT CODED,00 NOT CODED,01 NO,1,0,0,0,2,0,2,2,N,N,N,N,N,N,N,N,N,N,N,N,N,N,N,N,N,N,N,N,N,N,N,N,N,N,26.759358806,-80.096752156,589808.099623,2960101.214821,L,U,ARBM15Q1R2,"February 27, 2022",426002,-8916329.962509334,3093439.462956698
2013830848030,2013,830848030,20130005437,CITY POLICE DEPARTMENT,04 FOURTH,PALM BEACH,"March 31, 2013",1125,MONDAY,9394 WEST PALM BEACH,0694,Y,VILLAGE BLVD,45TH ST,0.008,N,0,0,26.759616,-80.100315,93A10497,0.008,,,,L LEFT,L LEFT TURN,S SOUTH,,05 LOCAL,01 NON-JUNCTION,01 ON ROADWAY,01 NOT AT INTERSECTION,03 CURB,0,"December 31, 2000",,,,0,,0,,0,,,RCI,0,,,1 NO INJURY,33 Q/C VERIFIED AS OFF-SYSTEM,0 NO,01 NOT AT INTERSECTION/RRX/BRIDGE,01 DAYLIGHT,01 CLEAR,01 DRY,01 LEVEL,1 STRAIGHT,"TWO-WAY, DIVIDED, POSITIVE MED","TWO-WAY, DIVIDED, POSITIVE MED",NO CONTROLS,NO CONTROLS,,NONE,NOT CODED,NOT CODED,NONE,NOT CODED,NOT CODED,14 MOTOR VEHICLE IN TRANSPORT,01 FRONT TO REAR,77 OTHER (SEE NARRATIVE),NO CONTRIBUTING ACTION,NO CONTRIBUTING ACTION,00 NOT CODED,00 NOT CODED,00 NOT CODED,00 NOT CODED,01 NO,0,0,0,0,2,0,2,2,N,N,N,N,N,N,N,N,N,N,N,N,N,N,N,N,N,N,N,N,N,N,N,N,N,N,26.759616196,-80.100317862,589453.349711,2960127.212404,L,U,ARBM15Q1R2,"February 27, 2022",426003,-8916726.895123752,3093471.552041613
2013830848120,2013,830848120,20130005458,CITY POLICE DEPARTMENT,04 FOURTH,PALM BEACH,"March 31, 2013",1738,MONDAY,9394 WEST PALM BEACH,0694,Y,EVERNIA ST *,DIXIE HWY S,0.028,E,0,0,26.7113439,-80.0535857,93020001,0.904,00686,SR 5,,T SIDE RD LEFT,1 THRU LANE 1,E EAST,40 URBAN ONE WAY,05 LOCAL,01 NON-JUNCTION,01 ON ROADWAY,01 NOT AT INTERSECTION,03 CURB,37,"June 2, 2008",16 URBAN MINOR ART,21,CURB&GUTTER,2,,0,,0,,1400,RCI,4.6,,25,1 NO INJURY,31 Q/C COMPLETED - LOC VERIFIED,0 NO,03 INFLUENCED BY INTERSECTION,01 DAYLIGHT,01 CLEAR,01 DRY,01 LEVEL,1 STRAIGHT,"TWO-WAY, NOT DIVIDED","TWO-WAY, NOT DIVIDED",NO CONTROLS,NO CONTROLS,2,NONE,NOT CODED,NOT CODED,NONE,NOT CODED,NOT CODED,14 MOTOR VEHICLE IN TRANSPORT,01 FRONT TO REAR,01 STRAIGHT AHEAD,OPERATED MV IN CARLESS OR NEGL,NOT CODED,00 NOT CODED,00 NOT CODED,00 NOT CODED,00 NOT CODED,01 NO,0,0,0,0,1,0,2,1,N,N,N,Y,N,N,N,N,N,N,N,N,N,N,N,N,N,N,N,N,N,N,N,N,N,N,26.711358138,-80.053566939,594141.659736,2954815.673768,O,,ARBM15Q1R2,"February 27, 2022",426004,-8911522.604556203,3087456.4287057784