Crash Id,Calendar Year,FDOT Crash Number,Reporting Agency Case Number,Reporting Agency Type,FDOT Managing District,County Name,Crash Date,Crash Time,Day,DHSMV City,Crash Report City Code,In Town,On Roadway Name,Int Roadway Name,Reference Distance (Miles),Reference Direction,Officer Latitude,Officer Longitude,FDOT Latitude,FDOT Longitude,FDOT Roadway,Nearest Inventory MP,Nearest Node From Crash,State Road #,US Highway,Crash Side of Road,Accident Lane Number,Travel Direction Vehicle 1,FDOT Road Category,DHSMV Road System Id,Relation to Junction,Crash Harmful Event Location,Intersection Type,Shoulder Type,FDOT Roadway SKID Test Result,FDOT Roadway SKID Test Date,Functional Class,RCI Surface Width,RCI Shoulder Type First,RCI Shoulder Width First,RCI Shoulder Type Second,RCI Shoulder Width Second,RCI Shoulder Type Third,RCI Shoulder Width Third,RCI Median Width,Avg Daily Traffic,AADT Source,RCI Avg Per Truck Traffic,RCI Horiz Curve Condition,Posted Speed Limit,Highest Injury in Crash,CAR Status Code,Alcohols/Drug Involved,Site Location,Lighting,Weather,Road Surface,Roadway Grade,Roadway Alignment,Traffic Way Vehicle 1,Traffic Way Vehicle 2,Traffic Control Vehicle 1,Traffic Control Vehicle 2,Count of Lanes,Road Condition 1,Road Condition 2,Road Condition 3,Environment Condition 1,Environment Condition 2,Environment Condition 3,Crash Harmful Event,Manner of Collision,Vehicle Movement,Driver Action Vehicle 1,Driver Action Vehicle 2,Location Within Workzone,Type of Workzone,Workers Present in Workzone,Law Enforcement Present in Workzone,School Bus Related,Count of Nonfatal Injuries,Count of Traffic Fatalities,Count of Serious Injuries,Count of Pedestrians,Count of Drivers,Count of Bicyclists,Count of Vehicles,Count of Persons,Wrong Way,Workzone Inv,Commercial Vehicle Inv,Intersection Inv,Lane Departure,Speeding,Agressive Driving,Impaired Driver,Impaired Pedestrian,Impaired Bicyclist,Distracted Driver,Speeding or Aggressive Driving,Pedestrian Related,Bicyclist Related,Pedestrian or Bicyclist Related,Motorcycle Inv,No Belt,No Belt - Ages 1-4,No Belt - Ages 5-12,No Belt - Ages 13-17,Driver - Ages Teen,Driver - Ages 65 plus,Driver - Ages 65-69,Driver - Ages 70-74,Driver - Ages 75-79,Driver - Ages 80 plus,ARBM Latitude,ARBM Longitude,UTM Zone 17N X,UTM Zone 17N Y,ARBM Side of Road,Urban Rural Indicator,GIS Street Source,Extract Date,OBJECTID,x,y
2013830848140,2013,830848140,20130005464,CITY POLICE DEPARTMENT,04 FOURTH,PALM BEACH,"March 31, 2013",1808,MONDAY,9394 WEST PALM BEACH,0694,Y,DIXIE HWY S,MONROE DR,0,,0,0,26.6797828,-80.0546245,93050000,6.117,00601,SR 805,US 1,R RIGHT,1 THRU LANE 1,N NORTH,22 URBAN 4-5LN 2WY UNDIVD,05 LOCAL,02 INTERSECTION,01 ON ROADWAY,02 FOUR-WAY INTERSECTION,03 CURB,41,"April 12, 2011",16 URBAN MINOR ART,44,PAVED,7,CURB&GUTTER,2,,0,,16700,RCI,10.1,,35,2 POSSIBLE INJURY,31 Q/C COMPLETED - LOC VERIFIED,0 NO,02 AT INTERSECTION,01 DAYLIGHT,01 CLEAR,01 DRY,01 LEVEL,1 STRAIGHT,"TWO-WAY, NOT DIVIDED","TWO-WAY, NOT DIVIDED",TRAFFIC CONTROL SIGNAL,TRAFFIC CONTROL SIGNAL,4,NONE,NOT CODED,NOT CODED,NONE,NOT CODED,NOT CODED,14 MOTOR VEHICLE IN TRANSPORT,01 FRONT TO REAR,01 STRAIGHT AHEAD,FOLLOWED TOO CLOSELY,NO CONTRIBUTING ACTION,00 NOT CODED,00 NOT CODED,00 NOT CODED,00 NOT CODED,01 NO,1,0,0,0,2,0,2,2,N,N,N,Y,N,N,N,N,N,N,N,N,N,N,N,N,N,N,N,N,N,N,N,N,N,N,26.679765912,-80.054615884,594063.256793,2951315.634251,C,,ARBM15Q1R2,"February 27, 2022",426005,-8911639.372415155,3083519.9978957535
2013830848210,2013,830848210,20130005499,CITY POLICE DEPARTMENT,04 FOURTH,PALM BEACH,"April 1, 2013",1240,TUESDAY,9394 WEST PALM BEACH,0694,Y,GREENWOOD AVE,45TH ST,0.002,N,0,0,26.753075,-80.060803,93511000,0.002,,,,L LEFT,L LEFT TURN,U UNNWN,,04 COUNTY,01 NON-JUNCTION,01 ON ROADWAY,01 NOT AT INTERSECTION,03 CURB,0,"December 31, 2000",,,,0,,0,,0,,,RCI,0,,,1 NO INJURY,33 Q/C VERIFIED AS OFF-SYSTEM,0 NO,01 NOT AT INTERSECTION/RRX/BRIDGE,01 DAYLIGHT,01 CLEAR,01 DRY,01 LEVEL,3 CURVE LEFT,UNKNOWN,"TWO-WAY, NOT DIVIDED",UNKNOWN,NO CONTROLS,,NONE,NOT CODED,NOT CODED,NONE,NOT CODED,NOT CODED,14 MOTOR VEHICLE IN TRANSPORT,"04 SIDESWIPE, SAME DIRECTION",88 UNKNOWN,OTHER CONTRIBUTING ACTION,NO CONTRIBUTING ACTION,00 NOT CODED,00 NOT CODED,00 NOT CODED,00 NOT CODED,01 NO,0,0,0,0,2,0,2,2,N,N,N,N,Y,N,N,N,N,N,N,N,N,N,N,N,N,N,N,N,N,N,N,N,N,N,26.753075108,-80.060805966,593387.481149,2959431.082327,C,U,ARBM15Q1R2,"February 27, 2022",426006,-8912328.449729862,3092656.0889892513
2013830848280,2013,830848280,20130005549,CITY POLICE DEPARTMENT,04 FOURTH,PALM BEACH,"April 2, 2013",0751,WEDNESDAY,9394 WEST PALM BEACH,0694,Y,45TH ST,,0.189,W,0,0,26.759179,-80.096431,93510000,0.749,,,,R RIGHT,2 THRU LANE 2,E EAST,,04 COUNTY,01 NON-JUNCTION,01 ON ROADWAY,01 NOT AT INTERSECTION,03 CURB,0,"December 31, 2000",,,,0,,0,,0,,,RCI,0,,,2 POSSIBLE INJURY,33 Q/C VERIFIED AS OFF-SYSTEM,0 NO,01 NOT AT INTERSECTION/RRX/BRIDGE,01 DAYLIGHT,01 CLEAR,01 DRY,01 LEVEL,1 STRAIGHT,"TWO-WAY, DIVIDED, POSITIVE MED","TWO-WAY, DIVIDED, POSITIVE MED",NO CONTROLS,NO CONTROLS,,NONE,NOT CODED,NOT CODED,NONE,NOT CODED,NOT CODED,14 MOTOR VEHICLE IN TRANSPORT,01 FRONT TO REAR,01 STRAIGHT AHEAD,OPERATED MV IN CARLESS OR NEGL,NO CONTRIBUTING ACTION,00 NOT CODED,00 NOT CODED,00 NOT CODED,00 NOT CODED,01 NO,2,0,0,0,3,0,3,3,N,N,N,N,N,N,N,N,N,N,N,N,N,N,N,N,N,N,N,N,N,N,N,N,N,N,26.759181317,-80.096430838,589840.188849,2960081.782296,R,U,ARBM15Q1R2,"February 27, 2022",426007,-8916294.193524277,3093417.3352187076
2013830848290,2013,830848290,20130005550,CITY POLICE DEPARTMENT,04 FOURTH,PALM BEACH,"April 2, 2013",0756,WEDNESDAY,9394 WEST PALM BEACH,0694,Y,N CONGRESS AVE,PALM BEACH LAKES BLVD,0.005,N,0,0,26.724498,-80.083662,93250500,2.425,,,,L LEFT,L LEFT TURN,U UNNWN,,04 COUNTY,01 NON-JUNCTION,01 ON ROADWAY,01 NOT AT INTERSECTION,03 CURB,0,"December 31, 2000",,,,0,,0,,0,,,RCI,0,,,1 NO INJURY,33 Q/C VERIFIED AS OFF-SYSTEM,0 NO,01 NOT AT INTERSECTION/RRX/BRIDGE,01 DAYLIGHT,01 CLEAR,01 DRY,01 LEVEL,1 STRAIGHT,UNKNOWN,"TWO-WAY, NOT DIVIDED",UNKNOWN,NO CONTROLS,,NONE,NOT CODED,NOT CODED,NONE,NOT CODED,NOT CODED,14 MOTOR VEHICLE IN TRANSPORT,01 FRONT TO REAR,88 UNKNOWN,OTHER CONTRIBUTING ACTION,NO CONTRIBUTING ACTION,00 NOT CODED,00 NOT CODED,00 NOT CODED,00 NOT CODED,01 NO,0,0,0,0,3,0,3,3,N,N,N,N,N,N,N,N,N,N,N,N,N,N,N,N,N,N,N,N,N,N,N,N,N,N,26.724498419,-80.083661021,591137.580455,2956249.258419,C,U,ARBM15Q1R2,"February 27, 2022",426141,-8914872.663418986,3089094.045552957
2013830853610,2013,830853610,20130007871,CITY POLICE DEPARTMENT,04 FOURTH,PALM BEACH,"May 7, 2013",2023,WEDNESDAY,9394 WEST PALM BEACH,0694,Y,VILLAGE BLVD,BEAR ISLAND DR,0.004,S,0,0,26.725992,-80.101615,93577000,1.52,,,,R RIGHT,1 THRU LANE 1,N NORTH,,05 LOCAL,02 INTERSECTION,01 ON ROADWAY,03 T-INTERSECTION,03 CURB,0,"December 31, 2000",,,,0,,0,,0,,,RCI,0,,,2 POSSIBLE INJURY,33 Q/C VERIFIED AS OFF-SYSTEM,0 NO,02 AT INTERSECTION,04 DARK-LIGHTED,01 CLEAR,01 DRY,01 LEVEL,1 STRAIGHT,"TWO-WAY, NOT DIV, W/CONT LTURN","TWO-WAY, NOT DIV, W/CONT LTURN",NO CONTROLS,NO CONTROLS,,NONE,NOT CODED,NOT CODED,NONE,NOT CODED,NOT CODED,14 MOTOR VEHICLE IN TRANSPORT,01 FRONT TO REAR,01 STRAIGHT AHEAD,OTHER CONTRIBUTING ACTION,NO CONTRIBUTING ACTION,00 NOT CODED,00 NOT CODED,00 NOT CODED,00 NOT CODED,01 NO,1,0,0,0,2,0,2,2,N,N,N,Y,N,N,N,N,N,N,N,N,N,N,N,N,N,N,N,N,N,N,N,N,N,N,26.725992002,-80.10161501,589350.650713,2956401.973558,R,U,ARBM15Q1R2,"February 27, 2022",426142,-8916871.292969795,3089280.196398377
2013830852010,2013,830852010,20130007223,CITY POLICE DEPARTMENT,04 FOURTH,PALM BEACH,"April 27, 2013",1712,SUNDAY,9394 WEST PALM BEACH,0694,Y,OKEECHOBEE BLVD,CHILLINGWORTH DR,0,,0,0,26.7062053,-80.0819296,93280000,7.342,01746,SR 704,,L LEFT,3 THRU LANE 3,U UNNWN,30 URBAN 6+LN 2WY DIVD RASD,05 LOCAL,01 NON-JUNCTION,01 ON ROADWAY,77 OTHER (SEE NARRATIVE),01 PAVED,36,"December 1, 2013",14 URBAN PRIN ART OTHER,44,PAVED,3,CURB&GUTTER,2,,0,18,45500,RCI,4.8,,45,1 NO INJURY,31 Q/C COMPLETED - LOC VERIFIED,0 NO,02 AT INTERSECTION,01 DAYLIGHT,01 CLEAR,01 DRY,01 LEVEL,1 STRAIGHT,UNKNOWN,"TWO-WAY, DIVIDED, POSITIVE MED",UNKNOWN,TRAFFIC CONTROL SIGNAL,8,NONE,NOT CODED,NOT CODED,NONE,NOT CODED,NOT CODED,14 MOTOR VEHICLE IN TRANSPORT,01 FRONT TO REAR,88 UNKNOWN,OTHER CONTRIBUTING ACTION,NO CONTRIBUTING ACTION,00 NOT CODED,00 NOT CODED,00 NOT CODED,00 NOT CODED,01 NO,0,0,0,0,3,0,3,3,N,N,N,Y,N,N,N,N,N,N,N,N,N,N,N,N,N,N,N,N,N,N,N,N,N,N,26.70635097,-80.081713099,591345.811657,2954240.582552,L,,ARBM15Q1R2,"February 27, 2022",426174,-8914655.821612988,3086832.4564772286
2013830856530,2013,830856530,20130009186,CITY POLICE DEPARTMENT,04 FOURTH,PALM BEACH,"May 28, 2013",1030,WEDNESDAY,9394 WEST PALM BEACH,0694,Y,24TH ST,SPRUCE AVE,0,,0,0,26.7356571,-80.0555125,93020002,0.126,04007,SR 5,US 1,L LEFT,1 THRU LANE 1,U UNNWN,12 URBAN 2-3LN 2WY UNDIVD,05 LOCAL,02 INTERSECTION,01 ON ROADWAY,02 FOUR-WAY INTERSECTION,03 CURB,53,"June 23, 2013",16 URBAN MINOR ART,22,PAVED,7,CURB&GUTTER,2,,0,,14500,RCI,5.7,,30,1 NO INJURY,31 Q/C COMPLETED - LOC VERIFIED,0 NO,02 AT INTERSECTION,01 DAYLIGHT,03 RAIN,02 WET,01 LEVEL,1 STRAIGHT,UNKNOWN,"TWO-WAY, NOT DIVIDED",STOP SIGN,NO CONTROLS,2,NONE,NOT CODED,NOT CODED,NONE,NOT CODED,NOT CODED,14 MOTOR VEHICLE IN TRANSPORT,03 ANGLE,01 STRAIGHT AHEAD,OTHER CONTRIBUTING ACTION,NO CONTRIBUTING ACTION,00 NOT CODED,00 NOT CODED,00 NOT CODED,00 NOT CODED,01 NO,0,0,0,0,2,0,2,2,N,N,N,Y,N,N,N,N,N,N,N,N,N,N,N,N,N,N,N,N,N,Y,N,N,Y,N,26.735668512,-80.055509398,593928.470413,2957506.952078,C,,ARBM15Q1R2,"February 27, 2022",426175,-8911738.838267064,3090486.27521022
2013830856540,2013,830856540,20130009192,CITY POLICE DEPARTMENT,04 FOURTH,PALM BEACH,"May 28, 2013",1150,WEDNESDAY,9394 WEST PALM BEACH,0694,Y,PALM BEACH LAKES BLVD,N ROBBINS DR,0,E,0,0,26.716041,-80.092058,93014500,0.838,,,,I INTERSECTION,M MIDDLE,E EAST,,04 COUNTY,02 INTERSECTION,01 ON ROADWAY,02 FOUR-WAY INTERSECTION,03 CURB,0,"December 31, 2000",,,,0,,0,,0,,,RCI,0,,,2 POSSIBLE INJURY,33 Q/C VERIFIED AS OFF-SYSTEM,0 NO,02 AT INTERSECTION,01 DAYLIGHT,02 CLOUDY,02 WET,01 LEVEL,1 STRAIGHT,"TWO-WAY, DIVIDED, POSITIVE MED","TWO-WAY, DIVIDED, POSITIVE MED",TRAFFIC CONTROL SIGNAL,TRAFFIC CONTROL SIGNAL,,NONE,NOT CODED,NOT CODED,NONE,NOT CODED,NOT CODED,14 MOTOR VEHICLE IN TRANSPORT,03 ANGLE,01 STRAIGHT AHEAD,RAN RED LIGHT,NO CONTRIBUTING ACTION,00 NOT CODED,00 NOT CODED,00 NOT CODED,00 NOT CODED,01 NO,1,0,0,0,2,0,2,2,N,N,N,Y,N,N,N,N,N,N,N,N,N,N,N,N,N,N,N,N,N,N,N,N,N,N,26.716045073,-80.092057324,590309.1278,2955306.9598,R,U,ARBM15Q1R2,"February 27, 2022",426176,-8915807.3358244,3088040.519546681
2013830865620,2013,830865620,20130013411,CITY POLICE DEPARTMENT,04 FOURTH,PALM BEACH,"August 6, 2013",0738,WEDNESDAY,9394 WEST PALM BEACH,0694,Y,HAVERHILL RD,45TH ST,0.5,S,0,0,26.752813,-80.117503,93000004,3.157,,,,R RIGHT,2 THRU LANE 2,N NORTH,,04 COUNTY,01 NON-JUNCTION,01 ON ROADWAY,01 NOT AT INTERSECTION,03 CURB,0,"December 31, 2000",,,,0,,0,,0,,,RCI,0,,,3 NO-INCAPACITATING INJURY,33 Q/C VERIFIED AS OFF-SYSTEM,0 NO,01 NOT AT INTERSECTION/RRX/BRIDGE,01 DAYLIGHT,01 CLEAR,01 DRY,01 LEVEL,1 STRAIGHT,"TWO-WAY, NOT DIVIDED","TWO-WAY, NOT DIVIDED",NO CONTROLS,NO CONTROLS,,NONE,NOT CODED,NOT CODED,NONE,NOT CODED,NOT CODED,14 MOTOR VEHICLE IN TRANSPORT,01 FRONT TO REAR,01 STRAIGHT AHEAD,OTHER CONTRIBUTING ACTION,NO CONTRIBUTING ACTION,00 NOT CODED,00 NOT CODED,00 NOT CODED,00 NOT CODED,01 NO,1,0,0,0,2,0,2,3,N,N,N,N,Y,N,N,N,N,N,N,N,N,N,N,N,N,N,N,N,N,N,N,N,N,N,26.752813239,-80.117505654,587749.5503,2959361.726481,C,U,ARBM15Q1R2,"February 27, 2022",426201,-8918640.231901815,3092623.443190738
2013830870410,2013,830870410,20130015635,CITY POLICE DEPARTMENT,04 FOURTH,PALM BEACH,"September 7, 2013",1637,SUNDAY,9394 WEST PALM BEACH,0694,Y,FRANK ST,SR 704,0,,0,0,26.7061877,-80.0812502,93280000,7.384,01745,SR 704,,S SIDE RD RIGHT,1 THRU LANE 1,U UNNWN,30 URBAN 6+LN 2WY DIVD RASD,05 LOCAL,01 NON-JUNCTION,01 ON ROADWAY,01 NOT AT INTERSECTION,01 PAVED,36,"December 1, 2013",14 URBAN PRIN ART OTHER,44,PAVED,3,CURB&GUTTER,2,,0,18,45500,RCI,4.8,,45,1 NO INJURY,32 Q/C NOT TO BE DONE ON CRASH,0 NO,02 AT INTERSECTION,01 DAYLIGHT,01 CLEAR,01 DRY,01 LEVEL,1 STRAIGHT,UNKNOWN,"TWO-WAY, NOT DIVIDED",UNKNOWN,NO CONTROLS,8,NONE,NOT CODED,NOT CODED,NONE,NOT CODED,NOT CODED,14 MOTOR VEHICLE IN TRANSPORT,01 FRONT TO REAR,88 UNKNOWN,OTHER CONTRIBUTING ACTION,NO CONTRIBUTING ACTION,00 NOT CODED,00 NOT CODED,00 NOT CODED,00 NOT CODED,01 NO,0,0,0,0,2,0,2,3,N,N,N,Y,N,N,N,N,N,N,N,N,N,N,N,N,N,N,N,N,N,Y,N,N,Y,N,26.706151145,-80.081312568,591385.815714,2954218.736335,R,,ARBM15Q1R2,"February 27, 2022",426202,-8914611.234735155,3086807.5555436034
2013830870420,2013,830870420,20130015638,CITY POLICE DEPARTMENT,04 FOURTH,PALM BEACH,"September 11, 2013",1943,THURSDAY,9394 WEST PALM BEACH,0694,Y,HANK AARON DR,PALM BEACH LAKES BLVD,0.1,S,0,0,26.723542,-80.080319,93A05426,,,,,R RIGHT,1 THRU LANE 1,N NORTH,,05 LOCAL,01 NON-JUNCTION,01 ON ROADWAY,01 NOT AT INTERSECTION,01 PAVED,0,"December 31, 2000",,,,0,,0,,0,,,RCI,0,,,2 POSSIBLE INJURY,33 Q/C VERIFIED AS OFF-SYSTEM,0 NO,01 NOT AT INTERSECTION/RRX/BRIDGE,04 DARK-LIGHTED,01 CLEAR,01 DRY,01 LEVEL,1 STRAIGHT,"TWO-WAY, NOT DIVIDED","TWO-WAY, NOT DIVIDED",NO CONTROLS,NO CONTROLS,,NONE,NOT CODED,NOT CODED,NONE,NOT CODED,NOT CODED,14 MOTOR VEHICLE IN TRANSPORT,01 FRONT TO REAR,01 STRAIGHT AHEAD,NO CONTRIBUTING ACTION,NO CONTRIBUTING ACTION,00 NOT CODED,00 NOT CODED,00 NOT CODED,00 NOT CODED,01 NO,3,0,0,0,2,0,2,4,N,N,N,N,N,N,N,N,N,N,Y,N,N,N,N,N,N,N,N,N,N,N,N,N,N,N,26.723541988,-80.080316702,591470.9829,2956145.717709,C,U,ARBM15Q1R2,"February 27, 2022",426337,-8914500.375384279,3088974.84320956
2013830870440,2013,830870440,20130015645,CITY POLICE DEPARTMENT,04 FOURTH,PALM BEACH,"September 11, 2013",2125,THURSDAY,9394 WEST PALM BEACH,0694,Y,FLAGLER DR,44TH ST,0.037,N,0,0,26.752489,-80.052731,93000130,1.109,,,,R RIGHT,S SIDE OF ROAD,E EAST,,05 LOCAL,03 INTERSECTION-RELATED,10 ROADSIDE,03 T-INTERSECTION,01 PAVED,0,"December 31, 2000",,,,0,,0,,0,,,RCI,0,,,0 UNKNOWN/NOT CODED,33 Q/C VERIFIED AS OFF-SYSTEM,0 NO,03 INFLUENCED BY INTERSECTION,04 DARK-LIGHTED,01 CLEAR,01 DRY,03 UPHILL,2 CURVE RIGHT,"TWO-WAY, NOT DIVIDED",,STOP SIGN,NOT CODED,,NONE,NOT CODED,NOT CODED,NONE,NOT CODED,NOT CODED,"36 OTHER POST, POLE, OR SUPPORT",77 OTHER (SEE NARRATIVE),01 STRAIGHT AHEAD,NOT CODED,NOT CODED,00 NOT CODED,00 NOT CODED,00 NOT CODED,00 NOT CODED,01 NO,0,0,0,0,0,0,1,0,N,N,N,Y,N,N,N,N,N,N,N,N,N,N,N,N,N,N,N,N,N,N,N,N,N,N,26.752489002,-80.052731097,594190.92162,2959372.113501,C,U,ARBM15Q1R2,"February 27, 2022",426338,-8911429.559089372,3092583.022732793
2013830870450,2013,830870450,20130015656,CITY POLICE DEPARTMENT,04 FOURTH,PALM BEACH,"September 12, 2013",0247,FRIDAY,9394 WEST PALM BEACH,0694,Y,N FLAGLER DR,9TH ST,0.004,S,0,0,26.721362,-80.048974,93000045,1.182,,,,R RIGHT,S SIDE OF ROAD,N NORTH,,05 LOCAL,77 OTHER (SEE NARRATIVE),01 ON ROADWAY,01 NOT AT INTERSECTION,01 PAVED,0,"December 31, 2000",,,,0,,0,,0,,,RCI,0,,,1 NO INJURY,33 Q/C VERIFIED AS OFF-SYSTEM,0 NO,77 ALL OTHER,04 DARK-LIGHTED,03 RAIN,02 WET,03 UPHILL,3 CURVE LEFT,"TWO-WAY, NOT DIVIDED",,NO CONTROLS,NOT CODED,,"RD SURFC (WET, ICY, SNOW, ETC)",OTHER (SEE NARRATIVE),NOT CODED,WEATHER CONDITIONS,NOT CODED,NOT CODED,14 MOTOR VEHICLE IN TRANSPORT,03 ANGLE,77 OTHER (SEE NARRATIVE),OPERATED MV IN CARLESS OR NEGL,NOT CODED,00 NOT CODED,00 NOT CODED,00 NOT CODED,00 NOT CODED,01 NO,0,0,0,0,1,0,1,1,N,N,N,N,Y,N,N,N,N,N,Y,N,N,N,N,N,N,N,N,N,N,N,N,N,N,N,26.721361972,-80.048974681,594590.207173,2955927.137928,C,U,ARBM15Q1R2,"February 27, 2022",426339,-8911011.396511655,3088703.1464834153
2013830870530,2013,830870530,20130015629,CITY POLICE DEPARTMENT,04 FOURTH,PALM BEACH,"September 11, 2013",1704,THURSDAY,9394 WEST PALM BEACH,0694,Y,SOUTHERN BLVD,LAKE AVE,0.047,W,0,0,26.6758743,-80.061544,93120000,20.461,00375,SR 80,US 98,L LEFT,2 THRU LANE 2,W WEST,21 URBAN 4-5LN 2WY DIVD PAVD,03 STATE,01 NON-JUNCTION,01 ON ROADWAY,01 NOT AT INTERSECTION,03 CURB,40,"June 26, 2012",14 URBAN PRIN ART OTHER,21,RAISED CURB,0,,0,,0,12,21500,RCI,7.2,,35,2 POSSIBLE INJURY,31 Q/C COMPLETED - LOC VERIFIED,0 NO,01 NOT AT INTERSECTION/RRX/BRIDGE,01 DAYLIGHT,01 CLEAR,01 DRY,01 LEVEL,1 STRAIGHT,"TWO-WAY, NOT DIVIDED","TWO-WAY, NOT DIVIDED",NO CONTROLS,NO CONTROLS,4,NONE,NOT CODED,NOT CODED,NONE,NOT CODED,NOT CODED,14 MOTOR VEHICLE IN TRANSPORT,01 FRONT TO REAR,03 TURNING LEFT,OTHER CONTRIBUTING ACTION,OTHER CONTRIBUTING ACTION,00 NOT CODED,00 NOT CODED,00 NOT CODED,00 NOT CODED,01 NO,1,0,0,0,2,0,2,2,N,N,N,N,N,N,N,N,N,N,N,N,N,N,N,N,N,N,N,N,N,N,N,N,N,N,26.675866777,-80.061692306,593362.308942,2950878.55657,C,,ARBM15Q1R2,"February 27, 2022",426340,-8912427.116454147,3083034.236451641
2013830870650,2013,830870650,20130015764,CITY POLICE DEPARTMENT,04 FOURTH,PALM BEACH,"September 13, 2013",2215,SATURDAY,9394 WEST PALM BEACH,0694,Y,S LAKE AVE,HAMPTON RD,0.019,N,0,0,26.684599,-80.060644,93000043,0.603,,,,L LEFT,1 THRU LANE 1,S SOUTH,,05 LOCAL,01 NON-JUNCTION,01 ON ROADWAY,01 NOT AT INTERSECTION,03 CURB,0,"December 31, 2000",,,,0,,0,,0,,,RCI,0,,,1 NO INJURY,33 Q/C VERIFIED AS OFF-SYSTEM,0 NO,01 NOT AT INTERSECTION/RRX/BRIDGE,04 DARK-LIGHTED,01 CLEAR,01 DRY,01 LEVEL,1 STRAIGHT,"TWO-WAY, NOT DIVIDED","TWO-WAY, NOT DIVIDED",NO CONTROLS,NO CONTROLS,,NONE,NOT CODED,NOT CODED,NONE,NOT CODED,NOT CODED,14 MOTOR VEHICLE IN TRANSPORT,"04 SIDESWIPE, SAME DIRECTION",01 STRAIGHT AHEAD,OPERATED MV IN CARLESS OR NEGL,NO CONTRIBUTING ACTION,00 NOT CODED,00 NOT CODED,00 NOT CODED,00 NOT CODED,01 NO,0,0,0,0,2,0,2,2,N,N,N,N,Y,N,N,N,N,N,N,N,N,N,N,N,N,N,N,N,N,N,N,N,N,N,26.684598988,-80.060643054,593459.595235,2951846.531743,C,U,ARBM15Q1R2,"February 27, 2022",426341,-8912310.314198392,3084122.134379904
2013830870700,2013,830870700,20130015781,CITY POLICE DEPARTMENT,04 FOURTH,PALM BEACH,"September 14, 2013",0538,SUNDAY,9394 WEST PALM BEACH,0694,Y,OLIVE AVE,QUADRILLE BLVD N,0.019,N,0,0,26.7184129,-80.0517904,93060000,28.786,00268,SR A1A,,M MEDIAN,M MIDDLE,N NORTH,05 URBAN OTHER LIMITED ACCESS,05 LOCAL,01 NON-JUNCTION,04 MEDIAN,01 NOT AT INTERSECTION,01 PAVED,32,"June 7, 2011",17 URBAN MAJOR COLLECTOR,40,PAVED,6,CURB&GUTTER,2,,0,,12700,RCI,7.4,,35,1 NO INJURY,31 Q/C COMPLETED - LOC VERIFIED,0 NO,03 INFLUENCED BY INTERSECTION,04 DARK-LIGHTED,01 CLEAR,01 DRY,01 LEVEL,1 STRAIGHT,"TWO-WAY, DIVIDED, POSITIVE MED",,NO CONTROLS,NOT CODED,4,NONE,NOT CODED,NOT CODED,UNKNOWN,NOT CODED,NOT CODED,32 TREE (STANDING),77 OTHER (SEE NARRATIVE),01 STRAIGHT AHEAD,OTHER CONTRIBUTING ACTION,NOT CODED,00 NOT CODED,00 NOT CODED,00 NOT CODED,00 NOT CODED,01 NO,0,0,0,0,1,0,1,1,N,N,N,Y,N,N,N,N,N,N,N,N,N,N,N,N,N,N,N,N,N,N,N,N,N,N,26.71844515,-80.051783807,594313.196797,2955601.976748,C,,ARBM15Q1R2,"February 27, 2022",426342,-8911324.107146325,3088339.62907483
2013830869020,2013,830869020,20130014938,CITY POLICE DEPARTMENT,04 FOURTH,PALM BEACH,"August 31, 2013",1551,SUNDAY,9394 WEST PALM BEACH,0694,Y,OKEECHOBEE BLVD,CHURCH ST,0.189,W,0,0,26.7062612,-80.084989,93280000,7.153,00886,SR 704,,L LEFT,3 THRU LANE 3,E EAST,30 URBAN 6+LN 2WY DIVD RASD,03 STATE,01 NON-JUNCTION,01 ON ROADWAY,01 NOT AT INTERSECTION,03 CURB,36,"December 1, 2013",14 URBAN PRIN ART OTHER,44,PAVED,3,CURB&GUTTER,2,,0,29,45500,RCI,4.8,,45,3 NO-INCAPACITATING INJURY,32 Q/C NOT TO BE DONE ON CRASH,0 NO,01 NOT AT INTERSECTION/RRX/BRIDGE,01 DAYLIGHT,02 CLOUDY,01 DRY,01 LEVEL,1 STRAIGHT,"TWO-WAY, DIVIDED, POSITIVE MED","TWO-WAY, DIVIDED, POSITIVE MED",NO CONTROLS,NO CONTROLS,8,NONE,NOT CODED,NOT CODED,NONE,NOT CODED,NOT CODED,14 MOTOR VEHICLE IN TRANSPORT,77 OTHER (SEE NARRATIVE),06 CHANGING LANES,FAILED TO YIELD RIGHT-OF-WAY,NO CONTRIBUTING ACTION,00 NOT CODED,00 NOT CODED,00 NOT CODED,00 NOT CODED,01 NO,1,0,0,0,2,0,2,2,N,N,N,N,N,N,N,N,N,N,N,N,N,N,N,Y,N,N,N,N,N,N,N,N,N,N,26.706430276,-80.084783726,591040.285028,2954247.16996,L,,ARBM15Q1R2,"February 27, 2022",426445,-8914997.642339466,3086842.3389808284
2013830869030,2013,830869030,20130014939,CITY POLICE DEPARTMENT,04 FOURTH,PALM BEACH,"August 31, 2013",1541,SUNDAY,9394 WEST PALM BEACH,0694,Y,W LAKEWOOD RD,PARKER AVE,0.095,W,0,0,26.669614,-80.064879,93A12829,0.137,,,,L LEFT,1 THRU LANE 1,W WEST,,05 LOCAL,01 NON-JUNCTION,01 ON ROADWAY,01 NOT AT INTERSECTION,03 CURB,0,"December 31, 2000",,,,0,,0,,0,,,RCI,0,,,3 NO-INCAPACITATING INJURY,33 Q/C VERIFIED AS OFF-SYSTEM,0 NO,01 NOT AT INTERSECTION/RRX/BRIDGE,01 DAYLIGHT,02 CLOUDY,01 DRY,01 LEVEL,1 STRAIGHT,"TWO-WAY, NOT DIVIDED",,NO CONTROLS,NOT CODED,,NONE,NOT CODED,NOT CODED,NONE,NOT CODED,NOT CODED,01 OVERTURN/ROLLOVER,77 OTHER (SEE NARRATIVE),10 MAKING U-TURN,OPERATED MV IN CARLESS OR NEGL,NOT CODED,00 NOT CODED,00 NOT CODED,00 NOT CODED,00 NOT CODED,01 NO,1,0,0,0,1,0,1,1,N,N,N,N,Y,N,N,N,N,N,N,N,N,N,N,Y,N,N,N,N,N,N,N,N,N,N,26.669613659,-80.064879016,593050.286797,2950183.615211,C,U,ARBM15Q1R2,"February 27, 2022",426446,-8912781.85941385,3082255.246059488