Crash Id,Calendar Year,FDOT Crash Number,Reporting Agency Case Number,Reporting Agency Type,FDOT Managing District,County Name,Crash Date,Crash Time,Day,DHSMV City,Crash Report City Code,In Town,On Roadway Name,Int Roadway Name,Reference Distance (Miles),Reference Direction,Officer Latitude,Officer Longitude,FDOT Latitude,FDOT Longitude,FDOT Roadway,Nearest Inventory MP,Nearest Node From Crash,State Road #,US Highway,Crash Side of Road,Accident Lane Number,Travel Direction Vehicle 1,FDOT Road Category,DHSMV Road System Id,Relation to Junction,Crash Harmful Event Location,Intersection Type,Shoulder Type,FDOT Roadway SKID Test Result,FDOT Roadway SKID Test Date,Functional Class,RCI Surface Width,RCI Shoulder Type First,RCI Shoulder Width First,RCI Shoulder Type Second,RCI Shoulder Width Second,RCI Shoulder Type Third,RCI Shoulder Width Third,RCI Median Width,Avg Daily Traffic,AADT Source,RCI Avg Per Truck Traffic,RCI Horiz Curve Condition,Posted Speed Limit,Highest Injury in Crash,CAR Status Code,Alcohols/Drug Involved,Site Location,Lighting,Weather,Road Surface,Roadway Grade,Roadway Alignment,Traffic Way Vehicle 1,Traffic Way Vehicle 2,Traffic Control Vehicle 1,Traffic Control Vehicle 2,Count of Lanes,Road Condition 1,Road Condition 2,Road Condition 3,Environment Condition 1,Environment Condition 2,Environment Condition 3,Crash Harmful Event,Manner of Collision,Vehicle Movement,Driver Action Vehicle 1,Driver Action Vehicle 2,Location Within Workzone,Type of Workzone,Workers Present in Workzone,Law Enforcement Present in Workzone,School Bus Related,Count of Nonfatal Injuries,Count of Traffic Fatalities,Count of Serious Injuries,Count of Pedestrians,Count of Drivers,Count of Bicyclists,Count of Vehicles,Count of Persons,Wrong Way,Workzone Inv,Commercial Vehicle Inv,Intersection Inv,Lane Departure,Speeding,Agressive Driving,Impaired Driver,Impaired Pedestrian,Impaired Bicyclist,Distracted Driver,Speeding or Aggressive Driving,Pedestrian Related,Bicyclist Related,Pedestrian or Bicyclist Related,Motorcycle Inv,No Belt,No Belt - Ages 1-4,No Belt - Ages 5-12,No Belt - Ages 13-17,Driver - Ages Teen,Driver - Ages 65 plus,Driver - Ages 65-69,Driver - Ages 70-74,Driver - Ages 75-79,Driver - Ages 80 plus,ARBM Latitude,ARBM Longitude,UTM Zone 17N X,UTM Zone 17N Y,ARBM Side of Road,Urban Rural Indicator,GIS Street Source,Extract Date,OBJECTID,x,y
2013832574870,2013,832574870,FHPL13OFF028887,FLORIDA HIGHWAY PATROL,04 FOURTH,PALM BEACH,"May 12, 2013",1255,MONDAY,9394 WEST PALM BEACH,0694,Y,I 95,FOREST HILL BLVD,0.284,S,26.6540146,-80.0689834,26.6512115,-80.0685217,93220000,23.224,02260,SR 9,I 95,R RIGHT,4 THRU LANE 4,N NORTH,01 INTERSTATE URBAN,01 INTERSTATE,01 NON-JUNCTION,01 ON ROADWAY,01 NOT AT INTERSECTION,01 PAVED,31,"September 8, 2013",11 URBAN PRIN ART INT.,64,PAVED WARN,10,,0,,0,32,203000,RCI,7.5,,65,2 POSSIBLE INJURY,31 Q/C COMPLETED - LOC VERIFIED,0 NO,01 NOT AT INTERSECTION/RRX/BRIDGE,01 DAYLIGHT,01 CLEAR,01 DRY,03 UPHILL,1 STRAIGHT,"TWO-WAY, DIVIDED, POSITIVE MED",,NO CONTROLS,NOT CODED,10,NONE,NOT CODED,NOT CODED,NONE,NOT CODED,NOT CODED,09 OTHER NON-COLLISION,77 OTHER (SEE NARRATIVE),01 STRAIGHT AHEAD,OTHER CONTRIBUTING ACTION,NOT CODED,00 NOT CODED,00 NOT CODED,00 NOT CODED,00 NOT CODED,01 NO,1,0,0,0,1,0,1,2,N,N,N,N,Y,N,N,N,N,N,N,N,N,N,N,N,N,N,N,N,N,N,N,N,N,N,26.650963502,-80.068481673,592706.852126,2948115.252343,R,,ARBM15Q1R2,"February 27, 2022",452664,-8913182.905473888,3079932.1320172804
2013832716750,2013,832716750,FHPL13OFF009510,FLORIDA HIGHWAY PATROL,04 FOURTH,PALM BEACH,"February 14, 2013",0945,FRIDAY,9394 WEST PALM BEACH,0694,N,I 95,SR 80,0.1,N,26.7060199,-80.07304,26.6770995,-80.0694871,93220000,25.024,05229,SR 9,I 95,R RIGHT,2 THRU LANE 2,N NORTH,01 INTERSTATE URBAN,01 INTERSTATE,01 NON-JUNCTION,01 ON ROADWAY,01 NOT AT INTERSECTION,01 PAVED,32,"September 8, 2013",11 URBAN PRIN ART INT.,64,PAVED WARN,8,VALLEY GUTR,3,LAWN,12,32,191500,RCI,7.5,,65,1 NO INJURY,31 Q/C COMPLETED - LOC VERIFIED,0 NO,01 NOT AT INTERSECTION/RRX/BRIDGE,01 DAYLIGHT,02 CLOUDY,02 WET,01 LEVEL,1 STRAIGHT,"TWO-WAY, DIVIDED, POSITIVE MED",,NO CONTROLS,NOT CODED,10,NONE,NOT CODED,NOT CODED,NONE,NOT CODED,NOT CODED,09 OTHER NON-COLLISION,77 OTHER (SEE NARRATIVE),01 STRAIGHT AHEAD,NO CONTRIBUTING ACTION,NOT CODED,00 NOT CODED,00 NOT CODED,00 NOT CODED,00 NOT CODED,01 NO,0,0,0,0,1,0,1,1,N,N,N,N,Y,N,N,N,N,N,N,N,N,N,N,N,N,N,N,N,N,Y,Y,N,N,N,26.676868273,-80.069531749,592581.428409,2950983.773401,R,,ARBM15Q1R2,"February 27, 2022",452963,-8913299.799398882,3083159.002994314
2013832709550,2013,832709550,FHPL13OFF002100,FLORIDA HIGHWAY PATROL,04 FOURTH,PALM BEACH,"January 10, 2013",0833,FRIDAY,9394 WEST PALM BEACH,0694,Y,I 95,BLUE HERON,0.08,S,26.7019602,-80.0729713,26.7853648,-80.0995679,93220077,0.08,01212,SR 9,I 95,L LEFT,X RAMP,S SOUTH,07 RAMP URBAN,01 INTERSTATE,14 ENTRANCE/EXIT RAMP,01 ON ROADWAY,01 NOT AT INTERSECTION,01 PAVED,0,"December 31, 2000",,24,PAVED,10,,0,,0,,9600,RCI,8.7,,,2 POSSIBLE INJURY,31 Q/C COMPLETED - LOC VERIFIED,0 NO,08 EXIT RAMP,01 DAYLIGHT,03 RAIN,02 WET,01 LEVEL,1 STRAIGHT,"TWO-WAY, DIVIDED, POSITIVE MED",ONE-WAY TRAFFICWAY,TRAFFIC CONTROL SIGNAL,NO CONTROLS,2,NONE,NOT CODED,NOT CODED,NONE,NOT CODED,NOT CODED,14 MOTOR VEHICLE IN TRANSPORT,01 FRONT TO REAR,14 SLOWING,OPERATED MV IN CARLESS OR NEGL,NO CONTRIBUTING ACTION,00 NOT CODED,00 NOT CODED,00 NOT CODED,00 NOT CODED,01 NO,1,0,0,0,2,0,2,2,N,N,N,N,N,N,N,N,N,N,N,N,N,N,N,N,N,N,N,N,N,N,N,N,N,N,26.785369866,-80.099589984,589505.529865,2962980.29913,O,,ARBM15Q1R2,"February 27, 2022",453136,-8916645.868130356,3096682.662371838
2013832687610,2013,832687610,FHPL13OFF052666,FLORIDA HIGHWAY PATROL,04 FOURTH,PALM BEACH,"August 28, 2013",0120,THURSDAY,9394 WEST PALM BEACH,0694,N,SR 9,SR 882,0.5,S,26.6770014,-80.0737616,26.6481073,-80.0680417,93220000,23.008,04282,SR 9,I 95,R RIGHT,S SIDE OF ROAD,N NORTH,01 INTERSTATE URBAN,01 INTERSTATE,01 NON-JUNCTION,03 SHOULDER,01 NOT AT INTERSECTION,01 PAVED,31,"September 8, 2013",11 URBAN PRIN ART INT.,64,PAVED WARN,10,,0,,0,32,203000,RCI,7.5,,65,1 NO INJURY,31 Q/C COMPLETED - LOC VERIFIED,0 NO,01 NOT AT INTERSECTION/RRX/BRIDGE,04 DARK-LIGHTED,02 CLOUDY,02 WET,01 LEVEL,1 STRAIGHT,"TWO-WAY, DIVIDED, POSITIVE MED","TWO-WAY, DIVIDED, POSITIVE MED",OTHER (SEE NARRATIVE),OTHER (SEE NARRATIVE),10,NONE,NOT CODED,NOT CODED,NONE,NOT CODED,NOT CODED,15 PARKED MOTOR VEHICLE,77 OTHER (SEE NARRATIVE),04 BACKING,IMPROPER BACKING,NOT CODED,00 NOT CODED,00 NOT CODED,00 NOT CODED,00 NOT CODED,01 NO,0,0,0,0,1,0,2,1,N,N,N,N,Y,N,N,N,N,N,Y,N,N,N,N,N,N,N,N,N,N,N,N,N,N,N,26.647849791,-80.06809588,592747.765467,2947770.649885,R,,ARBM15Q1R2,"February 27, 2022",453255,-8913139.959030984,3079544.316725799
2013832574430,2013,832574430,FHPL13OFF000268,FLORIDA HIGHWAY PATROL,04 FOURTH,PALM BEACH,"January 1, 2013",1145,WEDNESDAY,9394 WEST PALM BEACH,0694,Y,I 95,SR 80,0.5,N,26.6792447,-80.0700385,26.6829015,-80.0692945,93220000,25.424,04914,SR 9,I 95,L LEFT,5 THRU LANE 5,S SOUTH,01 INTERSTATE URBAN,01 INTERSTATE,01 NON-JUNCTION,01 ON ROADWAY,01 NOT AT INTERSECTION,01 PAVED,32,"September 8, 2013",11 URBAN PRIN ART INT.,64,PAVED,10,LAWN,12,,0,32,191500,RCI,7.5,1D3000,65,1 NO INJURY,31 Q/C COMPLETED - LOC VERIFIED,0 NO,01 NOT AT INTERSECTION/RRX/BRIDGE,01 DAYLIGHT,02 CLOUDY,01 DRY,01 LEVEL,2 CURVE RIGHT,"TWO-WAY, DIVIDED, POSITIVE MED","TWO-WAY, DIVIDED, POSITIVE MED",NO CONTROLS,NO CONTROLS,10,NONE,NOT CODED,NOT CODED,NONE,NOT CODED,NOT CODED,14 MOTOR VEHICLE IN TRANSPORT,03 ANGLE,11 OVERTAKING/PASSING,NOT CODED,NO CONTRIBUTING ACTION,00 NOT CODED,00 NOT CODED,00 NOT CODED,00 NOT CODED,01 NO,0,0,0,0,1,0,2,1,N,N,Y,N,N,N,N,N,N,N,N,N,N,N,N,N,N,N,N,N,N,N,N,N,N,N,26.682591602,-80.069686285,592561.429185,2951617.594161,L,,ARBM15Q1R2,"February 27, 2022",454807,-8913317.00228817,3083872.0379331456
2013832574460,2013,832574460,FHPL13OFF000497,FLORIDA HIGHWAY PATROL,04 FOURTH,PALM BEACH,"January 2, 2013",1257,THURSDAY,9394 WEST PALM BEACH,0694,Y,I 95,BELVEDERE RD,0.1,N,26.7001393,-80.0714014,26.6924096,-80.0670054,93220000,26.115,02141,SR 9,I 95,R RIGHT,5 THRU LANE 5,N NORTH,01 INTERSTATE URBAN,01 INTERSTATE,01 NON-JUNCTION,01 ON ROADWAY,01 NOT AT INTERSECTION,01 PAVED,32,"September 8, 2013",11 URBAN PRIN ART INT.,64,PAVED,10,,0,,0,32,199000,RCI,7.5,,65,1 NO INJURY,31 Q/C COMPLETED - LOC VERIFIED,0 NO,01 NOT AT INTERSECTION/RRX/BRIDGE,01 DAYLIGHT,01 CLEAR,01 DRY,04 DOWNHILL,3 CURVE LEFT,"TWO-WAY, DIVIDED, POSITIVE MED","TWO-WAY, DIVIDED, POSITIVE MED",NO CONTROLS,NO CONTROLS,10,NONE,NOT CODED,NOT CODED,NONE,NOT CODED,NOT CODED,14 MOTOR VEHICLE IN TRANSPORT,"04 SIDESWIPE, SAME DIRECTION",01 STRAIGHT AHEAD,OTHER CONTRIBUTING ACTION,OTHER CONTRIBUTING ACTION,00 NOT CODED,00 NOT CODED,00 NOT CODED,00 NOT CODED,01 NO,0,0,0,0,2,0,2,2,N,N,Y,N,Y,N,N,N,N,N,N,N,N,N,N,N,N,N,N,N,N,Y,Y,N,N,N,26.692213916,-80.066982215,592822.688937,2952685.356493,R,,ARBM15Q1R2,"February 27, 2022",454809,-8913015.98664104,3085070.9043597886
2013832701310,2013,832701310,FHPL13OFF059094,FLORIDA HIGHWAY PATROL,04 FOURTH,PALM BEACH,"September 25, 2013",1719,THURSDAY,9394 WEST PALM BEACH,0694,Y,I 95,BELVEDERD RD,0.152,N,26.6926019,-80.067399,26.6930846,-80.0673823,93220000,26.167,02141,SR 9,I 95,L LEFT,2 THRU LANE 2,S SOUTH,01 INTERSTATE URBAN,01 INTERSTATE,01 NON-JUNCTION,01 ON ROADWAY,01 NOT AT INTERSECTION,01 PAVED,32,"September 8, 2013",11 URBAN PRIN ART INT.,64,PAVED,10,,0,,0,32,199000,RCI,7.5,,65,1 NO INJURY,31 Q/C COMPLETED - LOC VERIFIED,0 NO,01 NOT AT INTERSECTION/RRX/BRIDGE,01 DAYLIGHT,02 CLOUDY,02 WET,05 SAG (BOTTOM),2 CURVE RIGHT,"TWO-WAY, DIVIDED, POSITIVE MED","TWO-WAY, DIVIDED, POSITIVE MED",NO CONTROLS,NO CONTROLS,10,"RD SURFC (WET, ICY, SNOW, ETC)",NOT CODED,NOT CODED,WEATHER CONDITIONS,NOT CODED,NOT CODED,14 MOTOR VEHICLE IN TRANSPORT,01 FRONT TO REAR,01 STRAIGHT AHEAD,DROVE TOO FAST FOR CONDITIONS,NO CONTRIBUTING ACTION,00 NOT CODED,00 NOT CODED,00 NOT CODED,00 NOT CODED,01 NO,0,0,0,0,2,0,2,2,N,N,N,N,N,Y,N,N,N,N,Y,Y,N,N,N,N,N,N,N,N,N,N,N,N,N,N,26.692842299,-80.067680896,592752.667154,2952754.449941,L,,ARBM15Q1R2,"February 27, 2022",454900,-8913093.76334405,3085149.1996048037
2013833411640,2013,833411640,FHPL13OFF079583,FLORIDA HIGHWAY PATROL,04 FOURTH,PALM BEACH,"December 27, 2013",2128,SATURDAY,9394 WEST PALM BEACH,0694,Y,I 95,PALM BEACH LAKES BLVD,0.5,S,26.7156666,-80.0859412,26.7140429,-80.0834831,93220000,27.935,06137,SR 9,I 95,M MEDIAN,M MIDDLE,N NORTH,01 INTERSTATE URBAN,01 INTERSTATE,01 NON-JUNCTION,03 SHOULDER,01 NOT AT INTERSECTION,01 PAVED,32,"September 8, 2013",11 URBAN PRIN ART INT.,40,PAVED,10,LAWN,12,,0,51,177265,RCI,6.3,,65,1 NO INJURY,31 Q/C COMPLETED - LOC VERIFIED,0 NO,01 NOT AT INTERSECTION/RRX/BRIDGE,04 DARK-LIGHTED,02 CLOUDY,01 DRY,01 LEVEL,1 STRAIGHT,"TWO-WAY, DIVIDED, POSITIVE MED",,NO CONTROLS,NOT CODED,7,NONE,NOT CODED,NOT CODED,NONE,NOT CODED,NOT CODED,30 CONCRETE TRAFFIC BARRIER,77 OTHER (SEE NARRATIVE),01 STRAIGHT AHEAD,FAILED TO KEEP IN PROPER LANE,NOT CODED,00 NOT CODED,00 NOT CODED,00 NOT CODED,00 NOT CODED,01 NO,0,0,0,0,1,0,1,1,N,N,N,N,Y,N,N,N,N,N,N,N,N,N,N,N,N,N,N,N,N,N,N,N,N,N,26.713936031,-80.083312456,591180.666617,2955079.58276,R,,ARBM15Q1R2,"February 27, 2022",456498,-8914833.861314407,3087777.685432403
2013832687560,2013,832687560,FHPL13OFF049558,FLORIDA HIGHWAY PATROL,04 FOURTH,PALM BEACH,"August 14, 2013",0147,THURSDAY,9394 WEST PALM BEACH,0694,Y,SR 704,TALLAHASSEE DR,0.005,E,26.7063649,-80.0977203,26.7065904,-80.0974038,93280000,6.386,01739,SR 704,,R RIGHT,3 THRU LANE 3,E EAST,30 URBAN 6+LN 2WY DIVD RASD,03 STATE,02 INTERSECTION,01 ON ROADWAY,77 OTHER (SEE NARRATIVE),03 CURB,36,"December 1, 2013",14 URBAN PRIN ART OTHER,44,PAVED,3,CURB&GUTTER,2,,0,17,45500,RCI,4.8,,45,1 NO INJURY,31 Q/C COMPLETED - LOC VERIFIED,0 NO,02 AT INTERSECTION,04 DARK-LIGHTED,01 CLEAR,01 DRY,01 LEVEL,1 STRAIGHT,"TWO-WAY, DIVIDED, POSITIVE MED",ONE-WAY TRAFFICWAY,OTHER (SEE NARRATIVE),"PERSON (INCLUDING FLAGMAN, OFF",8,WORK ZONE (CONST/MNT/UTLTY)NTE,NOT CODED,NOT CODED,NONE,NOT CODED,NOT CODED,14 MOTOR VEHICLE IN TRANSPORT,77 OTHER (SEE NARRATIVE),01 STRAIGHT AHEAD,OPERATED MV IN CARLESS OR NEGL,NOT CODED,03 TRANSITION AREA,01 LANE CLOSURE,02 YES,02 OFFICER PRESENT,01 NO,0,0,0,0,1,0,2,1,N,Y,N,Y,N,N,N,N,N,N,N,N,N,N,N,N,N,N,N,N,N,N,N,N,N,N,26.706544825,-80.097491591,589776.028916,2954250.844834,R,,ARBM15Q1R2,"February 27, 2022",456606,-8916412.275874585,3086856.613265425
2013833249170,2013,833249170,FHPL13OFF029467,FLORIDA HIGHWAY PATROL,04 FOURTH,PALM BEACH,"May 15, 2013",0900,THURSDAY,9394 WEST PALM BEACH,0694,Y,I 95,SOUTHERN BLVD,0.002,S,26.6759407,-80.0678183,26.6758822,-80.0683468,93220154,0.222,04888,SR 9,I 95,R RIGHT,X RAMP,N NORTH,08 RAMP RURAL,01 INTERSTATE,14 ENTRANCE/EXIT RAMP,01 ON ROADWAY,03 T-INTERSECTION,01 PAVED,0,"December 31, 2000",,47,PAVED,6,VALLEY GUTR,4,,0,,21000,RCI,10.7,,,1 NO INJURY,31 Q/C COMPLETED - LOC VERIFIED,0 NO,08 EXIT RAMP,01 DAYLIGHT,01 CLEAR,01 DRY,02 HILLCREST,1 STRAIGHT,ONE-WAY TRAFFICWAY,ONE-WAY TRAFFICWAY,TRAFFIC CONTROL SIGNAL,TRAFFIC CONTROL SIGNAL,4,NONE,NOT CODED,NOT CODED,NONE,NOT CODED,NOT CODED,14 MOTOR VEHICLE IN TRANSPORT,01 FRONT TO REAR,01 STRAIGHT AHEAD,OPERATED MV IN CARLESS OR NEGL,NO CONTRIBUTING ACTION,00 NOT CODED,00 NOT CODED,00 NOT CODED,00 NOT CODED,01 NO,0,0,0,0,2,0,2,2,N,N,N,N,N,N,N,N,N,N,N,N,N,N,N,N,N,N,N,N,N,N,N,N,N,N,26.675886679,-80.068363437,592698.475068,2950875.897422,O,,ARBM15Q1R2,"February 27, 2022",457955,-8913169.74351858,3083036.715775883
2013833313940,2013,833313940,FHPL13OFF040059,FLORIDA HIGHWAY PATROL,04 FOURTH,PALM BEACH,"July 1, 2013",1630,TUESDAY,9394 WEST PALM BEACH,0694,N,I 95,BELVEDERE RD,0.284,S,26.6952218,-80.0692816,26.6865388,-80.0678186,93220000,25.692,05232,SR 9,I 95,L LEFT,3 THRU LANE 3,S SOUTH,01 INTERSTATE URBAN,01 INTERSTATE,01 NON-JUNCTION,01 ON ROADWAY,01 NOT AT INTERSECTION,01 PAVED,32,"September 8, 2013",11 URBAN PRIN ART INT.,64,PAVED,10,,0,,0,32,191500,RCI,7.5,3D0000,65,1 NO INJURY,31 Q/C COMPLETED - LOC VERIFIED,0 NO,01 NOT AT INTERSECTION/RRX/BRIDGE,02 DUSK,03 RAIN,02 WET,01 LEVEL,1 STRAIGHT,"TWO-WAY, DIVIDED, POSITIVE MED","TWO-WAY, DIVIDED, POSITIVE MED",NO CONTROLS,NO CONTROLS,10,"RD SURFC (WET, ICY, SNOW, ETC)",NOT CODED,NOT CODED,WEATHER CONDITIONS,NOT CODED,NOT CODED,14 MOTOR VEHICLE IN TRANSPORT,01 FRONT TO REAR,01 STRAIGHT AHEAD,OPERATED MV IN CARLESS OR NEGL,NO CONTRIBUTING ACTION,00 NOT CODED,00 NOT CODED,00 NOT CODED,00 NOT CODED,01 NO,0,0,0,0,2,0,2,2,N,N,Y,N,N,N,N,N,N,N,N,N,N,N,N,N,N,N,N,N,N,Y,N,Y,N,N,26.686287747,-80.068364665,592689.940773,2952027.9501,L,,ARBM15Q1R2,"February 27, 2022",458336,-8913169.880259505,3084332.5372833926
2013833153140,2013,833153140,FHPL13OFF042846,FLORIDA HIGHWAY PATROL,04 FOURTH,PALM BEACH,"July 13, 2013",2006,SUNDAY,9394 WEST PALM BEACH,0694,N,SR 9,BELVEDERE RD,0.009,N,26.7183034,-80.0514509,26.69114,-80.0666114,93220000,26.024,04278,SR 9,I 95,M MEDIAN,M MIDDLE,N NORTH,01 INTERSTATE URBAN,01 INTERSTATE,01 NON-JUNCTION,01 ON ROADWAY,01 NOT AT INTERSECTION,01 PAVED,32,"September 8, 2013",11 URBAN PRIN ART INT.,64,PAVED,10,,0,,0,32,199000,RCI,7.5,,65,4 INCAPACITATING INJURY,31 Q/C COMPLETED - LOC VERIFIED,0 NO,01 NOT AT INTERSECTION/RRX/BRIDGE,04 DARK-LIGHTED,03 RAIN,02 WET,01 LEVEL,3 CURVE LEFT,"TWO-WAY, DIVIDED, POSITIVE MED",,NO CONTROLS,NOT CODED,10,"RD SURFC (WET, ICY, SNOW, ETC)",NOT CODED,NOT CODED,WEATHER CONDITIONS,NOT CODED,NOT CODED,30 CONCRETE TRAFFIC BARRIER,77 OTHER (SEE NARRATIVE),01 STRAIGHT AHEAD,DROVE TOO FAST FOR CONDITIONS,NOT CODED,00 NOT CODED,00 NOT CODED,00 NOT CODED,00 NOT CODED,01 NO,1,0,1,0,1,0,1,1,N,N,N,N,Y,Y,N,N,N,N,Y,Y,N,N,N,N,N,N,N,N,N,N,N,N,N,N,26.690932764,-80.066624916,592859.27577,2952543.712096,R,,ARBM15Q1R2,"February 27, 2022",458573,-8912976.212167667,3084911.2767991656
2013833153150,2013,833153150,FHPL13OFF044796,FLORIDA HIGHWAY PATROL,04 FOURTH,PALM BEACH,"July 22, 2013",1540,TUESDAY,9394 WEST PALM BEACH,0694,N,SR 9,SR 702,3.4,N,26.7746734,-80.0973032,26.5181261,-80.0723005,93220000,14.024,02326,SR 9,I 95,L LEFT,2 THRU LANE 2,S SOUTH,01 INTERSTATE URBAN,01 INTERSTATE,01 NON-JUNCTION,01 ON ROADWAY,01 NOT AT INTERSECTION,01 PAVED,32,"September 8, 2013",11 URBAN PRIN ART INT.,64,PAVED WARN,10,LAWN,12,,0,35,201000,RCI,7.5,,65,4 INCAPACITATING INJURY,31 Q/C COMPLETED - LOC VERIFIED,0 NO,01 NOT AT INTERSECTION/RRX/BRIDGE,01 DAYLIGHT,01 CLEAR,01 DRY,01 LEVEL,1 STRAIGHT,"TWO-WAY, DIVIDED, POSITIVE MED","TWO-WAY, DIVIDED, POSITIVE MED",NO CONTROLS,NO CONTROLS,7,NONE,NOT CODED,NOT CODED,NONE,NOT CODED,NOT CODED,14 MOTOR VEHICLE IN TRANSPORT,77 OTHER (SEE NARRATIVE),06 CHANGING LANES,OPERATED MV IN CARLESS OR NEGL,NO CONTRIBUTING ACTION,00 NOT CODED,00 NOT CODED,00 NOT CODED,00 NOT CODED,01 NO,2,0,2,0,2,0,2,2,N,N,N,N,N,N,N,N,N,N,N,N,N,N,N,N,N,N,N,N,N,N,N,N,N,N,26.517738122,-80.072556335,592408.21318,2933356.06373,L,,ARBM15Q1R2,"February 27, 2022",458574,-8913636.49437661,3063348.2333837356
2013833249650,2013,833249650,FHPL13OFF044757,FLORIDA HIGHWAY PATROL,04 FOURTH,PALM BEACH,"July 22, 2013",1220,TUESDAY,9394 WEST PALM BEACH,0694,Y,I 95,BELVEDERE RD,0.095,S,26.6883906,-80.0671243,26.6890753,-80.0666691,93220000,25.881,05231,SR 9,I 95,R RIGHT,2 THRU LANE 2,N NORTH,01 INTERSTATE URBAN,01 INTERSTATE,01 NON-JUNCTION,01 ON ROADWAY,01 NOT AT INTERSECTION,01 PAVED,32,"September 8, 2013",11 URBAN PRIN ART INT.,64,PAVED,10,,0,,0,32,191500,RCI,7.5,3D0000,65,1 NO INJURY,31 Q/C COMPLETED - LOC VERIFIED,0 NO,01 NOT AT INTERSECTION/RRX/BRIDGE,01 DAYLIGHT,02 CLOUDY,01 DRY,01 LEVEL,3 CURVE LEFT,"TWO-WAY, DIVIDED, POSITIVE MED","TWO-WAY, DIVIDED, POSITIVE MED",NO CONTROLS,NO CONTROLS,10,NONE,NOT CODED,NOT CODED,NONE,NOT CODED,NOT CODED,14 MOTOR VEHICLE IN TRANSPORT,03 ANGLE,01 STRAIGHT AHEAD,FAILED TO KEEP IN PROPER LANE,NO CONTRIBUTING ACTION,00 NOT CODED,00 NOT CODED,00 NOT CODED,00 NOT CODED,01 NO,0,0,0,0,2,0,2,3,N,N,N,N,Y,N,N,N,N,N,N,N,N,N,N,N,N,N,N,N,N,N,N,N,N,N,26.688869096,-80.066772209,592846.293575,2952315.026487,R,,ARBM15Q1R2,"February 27, 2022",462601,-8912992.608742602,3084654.1540147797
2013833249360,2013,833249360,FHPL13OFF038885,FLORIDA HIGHWAY PATROL,04 FOURTH,PALM BEACH,"June 26, 2013",1230,THURSDAY,9394 WEST PALM BEACH,0694,Y,I 95,FOREST HILL BLVD,0.25,S,26.6502472,-80.0681355,26.6516971,-80.0686246,93220000,23.258,02260,SR 9,I 95,R RIGHT,3 THRU LANE 3,N NORTH,01 INTERSTATE URBAN,01 INTERSTATE,01 NON-JUNCTION,01 ON ROADWAY,01 NOT AT INTERSECTION,01 PAVED,31,"September 8, 2013",11 URBAN PRIN ART INT.,64,PAVED WARN,10,,0,,0,32,203000,RCI,7.5,,65,1 NO INJURY,31 Q/C COMPLETED - LOC VERIFIED,0 NO,01 NOT AT INTERSECTION/RRX/BRIDGE,01 DAYLIGHT,03 RAIN,02 WET,01 LEVEL,1 STRAIGHT,"TWO-WAY, DIVIDED, POSITIVE MED","TWO-WAY, DIVIDED, POSITIVE MED",NO CONTROLS,NO CONTROLS,10,"RD SURFC (WET, ICY, SNOW, ETC)",NOT CODED,NOT CODED,WEATHER CONDITIONS,NOT CODED,NOT CODED,14 MOTOR VEHICLE IN TRANSPORT,01 FRONT TO REAR,14 SLOWING,NOT CODED,NO CONTRIBUTING ACTION,00 NOT CODED,00 NOT CODED,00 NOT CODED,00 NOT CODED,01 NO,0,0,0,0,1,0,2,2,N,N,N,N,N,N,N,N,N,N,N,N,N,N,N,N,N,N,N,N,N,N,N,N,N,N,26.651448996,-80.068585264,592696.149826,2948168.951639,R,,ARBM15Q1R2,"February 27, 2022",462629,-8913194.437160915,3079992.6015832066
2013833147990,2013,833147990,FHPL13OFF027260,FLORIDA HIGHWAY PATROL,04 FOURTH,PALM BEACH,"May 5, 2013",0525,MONDAY,9394 WEST PALM BEACH,0694,Y,I 95,BELEVERDERE RD,0.5,N,26.6926063,-80.067193,26.6972672,-80.0699498,93220000,26.515,04933,SR 9,I 95,R RIGHT,3 THRU LANE 3,N NORTH,01 INTERSTATE URBAN,01 INTERSTATE,01 NON-JUNCTION,01 ON ROADWAY,01 NOT AT INTERSECTION,01 PAVED,32,"September 8, 2013",11 URBAN PRIN ART INT.,64,PAVED WARN,10,VALLEY GUTR,3,,0,32,199000,RCI,7.5,,65,3 NO-INCAPACITATING INJURY,31 Q/C COMPLETED - LOC VERIFIED,3 A/D,01 NOT AT INTERSECTION/RRX/BRIDGE,04 DARK-LIGHTED,02 CLOUDY,01 DRY,01 LEVEL,1 STRAIGHT,"TWO-WAY, DIVIDED, POSITIVE MED","TWO-WAY, DIVIDED, POSITIVE MED",NO CONTROLS,NO CONTROLS,10,NONE,NOT CODED,NOT CODED,NONE,NOT CODED,NOT CODED,14 MOTOR VEHICLE IN TRANSPORT,01 FRONT TO REAR,01 STRAIGHT AHEAD,OPERATED MV IN CARLESS OR NEGL,NO CONTRIBUTING ACTION,00 NOT CODED,00 NOT CODED,00 NOT CODED,00 NOT CODED,01 NO,1,0,0,0,2,0,2,2,N,N,Y,N,N,Y,N,Y,N,N,N,Y,N,N,N,N,N,N,N,N,N,N,N,N,N,N,26.697378362,-80.069949878,592523.259181,2953255.230455,R,,ARBM15Q1R2,"February 27, 2022",463620,-8913346.345373739,3085714.396479494