Crash Id,Calendar Year,FDOT Crash Number,Reporting Agency Case Number,Reporting Agency Type,FDOT Managing District,County Name,Crash Date,Crash Time,Day,DHSMV City,Crash Report City Code,In Town,On Roadway Name,Int Roadway Name,Reference Distance (Miles),Reference Direction,Officer Latitude,Officer Longitude,FDOT Latitude,FDOT Longitude,FDOT Roadway,Nearest Inventory MP,Nearest Node From Crash,State Road #,US Highway,Crash Side of Road,Accident Lane Number,Travel Direction Vehicle 1,FDOT Road Category,DHSMV Road System Id,Relation to Junction,Crash Harmful Event Location,Intersection Type,Shoulder Type,FDOT Roadway SKID Test Result,FDOT Roadway SKID Test Date,Functional Class,RCI Surface Width,RCI Shoulder Type First,RCI Shoulder Width First,RCI Shoulder Type Second,RCI Shoulder Width Second,RCI Shoulder Type Third,RCI Shoulder Width Third,RCI Median Width,Avg Daily Traffic,AADT Source,RCI Avg Per Truck Traffic,RCI Horiz Curve Condition,Posted Speed Limit,Highest Injury in Crash,CAR Status Code,Alcohols/Drug Involved,Site Location,Lighting,Weather,Road Surface,Roadway Grade,Roadway Alignment,Traffic Way Vehicle 1,Traffic Way Vehicle 2,Traffic Control Vehicle 1,Traffic Control Vehicle 2,Count of Lanes,Road Condition 1,Road Condition 2,Road Condition 3,Environment Condition 1,Environment Condition 2,Environment Condition 3,Crash Harmful Event,Manner of Collision,Vehicle Movement,Driver Action Vehicle 1,Driver Action Vehicle 2,Location Within Workzone,Type of Workzone,Workers Present in Workzone,Law Enforcement Present in Workzone,School Bus Related,Count of Nonfatal Injuries,Count of Traffic Fatalities,Count of Serious Injuries,Count of Pedestrians,Count of Drivers,Count of Bicyclists,Count of Vehicles,Count of Persons,Wrong Way,Workzone Inv,Commercial Vehicle Inv,Intersection Inv,Lane Departure,Speeding,Agressive Driving,Impaired Driver,Impaired Pedestrian,Impaired Bicyclist,Distracted Driver,Speeding or Aggressive Driving,Pedestrian Related,Bicyclist Related,Pedestrian or Bicyclist Related,Motorcycle Inv,No Belt,No Belt - Ages 1-4,No Belt - Ages 5-12,No Belt - Ages 13-17,Driver - Ages Teen,Driver - Ages 65 plus,Driver - Ages 65-69,Driver - Ages 70-74,Driver - Ages 75-79,Driver - Ages 80 plus,ARBM Latitude,ARBM Longitude,UTM Zone 17N X,UTM Zone 17N Y,ARBM Side of Road,Urban Rural Indicator,GIS Street Source,Extract Date,OBJECTID,x,y
2013825205980,2013,825205980,20130000682,CITY POLICE DEPARTMENT,04 FOURTH,PALM BEACH,"January 11, 2013",1925,SATURDAY,9394 WEST PALM BEACH,0694,Y,I 95,PALM BEACH LAKES BLVD,0,,0,0,26.7185005,-80.0903069,93220069,0.282,04374,SR 9,I 95,L LEFT,X RAMP,W WEST,07 RAMP URBAN,03 STATE,02 INTERSECTION,01 ON ROADWAY,02 FOUR-WAY INTERSECTION,03 CURB,0,"December 31, 2000",,24,PAVED,6,CURB&GUTTER,2,,0,,14500,RCI,4.8,,,2 POSSIBLE INJURY,31 Q/C COMPLETED - LOC VERIFIED,0 NO,02 AT INTERSECTION,04 DARK-LIGHTED,01 CLEAR,01 DRY,01 LEVEL,1 STRAIGHT,"TWO-WAY, DIVIDED, POSITIVE MED","TWO-WAY, DIVIDED, POSITIVE MED",TRAFFIC CONTROL SIGNAL,TRAFFIC CONTROL SIGNAL,4,NONE,NOT CODED,NOT CODED,NONE,NOT CODED,NOT CODED,14 MOTOR VEHICLE IN TRANSPORT,03 ANGLE,01 STRAIGHT AHEAD,RAN RED LIGHT,NO CONTRIBUTING ACTION,00 NOT CODED,00 NOT CODED,00 NOT CODED,00 NOT CODED,01 NO,4,0,0,0,2,0,2,5,N,N,N,Y,N,N,N,N,N,N,N,N,N,N,N,N,N,N,N,N,N,Y,Y,N,N,N,26.718499816,-80.090314937,590480.5032,2955580.0908,O,,ARBM15Q1R2,"February 27, 2022",480409,-8915613.374186777,3088346.44181408
2013830847880,2013,830847880,20130005369,CITY POLICE DEPARTMENT,04 FOURTH,PALM BEACH,"March 29, 2013",2001,SATURDAY,9394 WEST PALM BEACH,0694,Y,15TH ST,SPRUCE AVE,0.04,W,0,0,26.727209,-80.055598,93000200,0.679,,,,R RIGHT,P PARKING,U UNNWN,,05 LOCAL,01 NON-JUNCTION,03 SHOULDER,01 NOT AT INTERSECTION,03 CURB,0,"December 31, 2000",,,,0,,0,,0,,,RCI,0,,,1 NO INJURY,33 Q/C VERIFIED AS OFF-SYSTEM,0 NO,01 NOT AT INTERSECTION/RRX/BRIDGE,04 DARK-LIGHTED,01 CLEAR,01 DRY,01 LEVEL,1 STRAIGHT,"TWO-WAY, NOT DIVIDED","TWO-WAY, NOT DIVIDED",NO CONTROLS,NO CONTROLS,,NONE,NOT CODED,NOT CODED,NONE,NOT CODED,NOT CODED,15 PARKED MOTOR VEHICLE,02 FRONT TO FRONT,01 STRAIGHT AHEAD,OTHER CONTRIBUTING ACTION,NOT CODED,00 NOT CODED,00 NOT CODED,00 NOT CODED,00 NOT CODED,01 NO,0,0,0,0,1,0,2,1,N,N,N,N,Y,N,N,N,N,N,N,N,N,N,N,N,N,N,N,N,N,N,N,N,N,N,26.727212788,-80.055597943,593926.608922,2956570.296859,C,U,ARBM15Q1R2,"February 27, 2022",481858,-8911748.695028912,3089432.349423211
2013830847910,2013,830847910,20130005380,CITY POLICE DEPARTMENT,04 FOURTH,PALM BEACH,"March 30, 2013",0041,SUNDAY,9394 WEST PALM BEACH,0694,Y,N CONGRESS AVE,PALM BEACH LAKES BLVD,0,E,0,0,26.724436,-80.08363,93250500,2.42,,,,I INTERSECTION,M MIDDLE,E EAST,,05 LOCAL,02 INTERSECTION,01 ON ROADWAY,02 FOUR-WAY INTERSECTION,03 CURB,0,"December 31, 2000",,,,0,,0,,0,,,RCI,0,,,2 POSSIBLE INJURY,33 Q/C VERIFIED AS OFF-SYSTEM,0 NO,02 AT INTERSECTION,04 DARK-LIGHTED,01 CLEAR,01 DRY,01 LEVEL,1 STRAIGHT,"TWO-WAY, DIVIDED, POSITIVE MED","TWO-WAY, DIVIDED, POSITIVE MED",TRAFFIC CONTROL SIGNAL,TRAFFIC CONTROL SIGNAL,,NONE,NOT CODED,NOT CODED,NONE,NOT CODED,NOT CODED,14 MOTOR VEHICLE IN TRANSPORT,03 ANGLE,03 TURNING LEFT,RAN RED LIGHT,NO CONTRIBUTING ACTION,00 NOT CODED,00 NOT CODED,00 NOT CODED,00 NOT CODED,01 NO,2,0,0,0,2,0,2,2,N,N,N,Y,N,N,N,N,N,N,N,N,N,N,N,N,N,N,N,N,N,N,N,N,N,N,26.724435071,-80.083627326,591140.9824,2956242.2659,C,U,ARBM15Q1R2,"February 27, 2022",481860,-8914868.912498077,3089086.1503455783
2013830847920,2013,830847920,20130005383,CITY POLICE DEPARTMENT,04 FOURTH,PALM BEACH,"March 30, 2013",0431,SUNDAY,9394 WEST PALM BEACH,0694,Y,S FLAGLER DR,AVILA RD,0.009,S,0,0,26.686979,-80.05019,93000046,0.802,,,,R RIGHT,S SIDE OF ROAD,S SOUTH,,05 LOCAL,01 NON-JUNCTION,01 ON ROADWAY,01 NOT AT INTERSECTION,03 CURB,0,"December 31, 2000",,,,0,,0,,0,,,RCI,0,,,1 NO INJURY,33 Q/C VERIFIED AS OFF-SYSTEM,0 NO,01 NOT AT INTERSECTION/RRX/BRIDGE,04 DARK-LIGHTED,01 CLEAR,01 DRY,01 LEVEL,2 CURVE RIGHT,"TWO-WAY, NOT DIVIDED",,NO CONTROLS,NOT CODED,,NONE,NOT CODED,NOT CODED,UNKNOWN,NOT CODED,NOT CODED,24 CURB,77 OTHER (SEE NARRATIVE),88 UNKNOWN,OPERATED MV IN CARLESS OR NEGL,NOT CODED,00 NOT CODED,00 NOT CODED,00 NOT CODED,00 NOT CODED,01 NO,0,0,0,0,1,0,1,1,N,N,N,N,Y,N,N,N,N,N,N,N,N,N,N,N,N,N,N,N,N,N,N,N,N,N,26.686978043,-80.05018729,594497.967243,2952117.746924,C,U,ARBM15Q1R2,"February 27, 2022",481861,-8911146.383548807,3084418.542246902
2013830848000,2013,830848000,20130005419,CITY POLICE DEPARTMENT,04 FOURTH,PALM BEACH,"March 30, 2013",1942,SUNDAY,9394 WEST PALM BEACH,0694,Y,48TH ST,SPRUCE AVE,0,E,0,0,26.754962,-80.054286,93A10606,0.323,,,,I INTERSECTION,M MIDDLE,W WEST,,05 LOCAL,02 INTERSECTION,01 ON ROADWAY,02 FOUR-WAY INTERSECTION,01 PAVED,0,"December 31, 2000",,,,0,,0,,0,,,RCI,0,,,1 NO INJURY,33 Q/C VERIFIED AS OFF-SYSTEM,0 NO,02 AT INTERSECTION,04 DARK-LIGHTED,01 CLEAR,01 DRY,01 LEVEL,1 STRAIGHT,"TWO-WAY, NOT DIVIDED","TWO-WAY, NOT DIVIDED",STOP SIGN,NO CONTROLS,,NONE,NOT CODED,NOT CODED,NONE,NOT CODED,NOT CODED,14 MOTOR VEHICLE IN TRANSPORT,77 OTHER (SEE NARRATIVE),01 STRAIGHT AHEAD,OTHER CONTRIBUTING ACTION,NO CONTRIBUTING ACTION,00 NOT CODED,00 NOT CODED,00 NOT CODED,00 NOT CODED,01 NO,0,0,0,0,2,0,2,2,N,N,N,Y,N,N,N,N,N,N,N,N,N,N,N,N,N,N,N,N,N,N,N,N,N,N,26.754965011,-80.054285867,594034.277876,2959645.217317,C,U,ARBM15Q1R2,"February 27, 2022",481862,-8911602.635386962,3092891.6942197266
2013828504790,2013,828504790,FHPL13OFF029271,FLORIDA HIGHWAY PATROL,04 FOURTH,PALM BEACH,"May 14, 2013",0850,WEDNESDAY,9394 WEST PALM BEACH,0694,Y,SR 9,SR 704,0.284,S,26.695059,-80.0685033,26.6999956,-80.0715169,93220000,26.707,02143,SR 9,I 95,R RIGHT,5 THRU LANE 5,N NORTH,01 INTERSTATE URBAN,01 INTERSTATE,01 NON-JUNCTION,01 ON ROADWAY,01 NOT AT INTERSECTION,01 PAVED,32,"September 8, 2013",11 URBAN PRIN ART INT.,64,PAVED WARN,10,VALLEY GUTR,3,,0,32,199000,RCI,7.5,,65,2 POSSIBLE INJURY,31 Q/C COMPLETED - LOC VERIFIED,0 NO,01 NOT AT INTERSECTION/RRX/BRIDGE,01 DAYLIGHT,01 CLEAR,01 DRY,04 DOWNHILL,1 STRAIGHT,"TWO-WAY, DIVIDED, POSITIVE MED","TWO-WAY, DIVIDED, POSITIVE MED",NO CONTROLS,NO CONTROLS,10,NONE,NOT CODED,NOT CODED,NONE,NOT CODED,NOT CODED,14 MOTOR VEHICLE IN TRANSPORT,01 FRONT TO REAR,01 STRAIGHT AHEAD,OPERATED MV IN CARLESS OR NEGL,NO CONTRIBUTING ACTION,00 NOT CODED,00 NOT CODED,00 NOT CODED,00 NOT CODED,01 NO,1,0,0,0,2,0,2,2,N,N,N,N,N,N,N,N,N,N,N,N,N,N,N,N,N,N,N,N,N,N,N,N,N,N,26.699843231,-80.071410221,592375.985447,2953527.188488,R,,ARBM15Q1R2,"February 27, 2022",481977,-8913508.910156118,3086021.530442259
2013830854950,2013,830854950,20130008470,CITY POLICE DEPARTMENT,04 FOURTH,PALM BEACH,"May 16, 2013",2207,FRIDAY,9394 WEST PALM BEACH,0694,Y,PALM BEACH LAKES BLVD,N SAPODILLA AVE,0,E,0,0,26.724571,-80.058345,93014501,0.506,,,,R RIGHT,U UNKNOWN,U UNNWN,,05 LOCAL,02 INTERSECTION,01 ON ROADWAY,02 FOUR-WAY INTERSECTION,03 CURB,0,"December 31, 2000",,,,0,,0,,0,,,RCI,0,,,1 NO INJURY,33 Q/C VERIFIED AS OFF-SYSTEM,0 NO,02 AT INTERSECTION,04 DARK-LIGHTED,01 CLEAR,01 DRY,01 LEVEL,1 STRAIGHT,UNKNOWN,"TWO-WAY, DIVIDED, POSITIVE MED",NO CONTROLS,NO CONTROLS,,NONE,NOT CODED,NOT CODED,NONE,NOT CODED,NOT CODED,14 MOTOR VEHICLE IN TRANSPORT,01 FRONT TO REAR,01 STRAIGHT AHEAD,OTHER CONTRIBUTING ACTION,NO CONTRIBUTING ACTION,00 NOT CODED,00 NOT CODED,00 NOT CODED,00 NOT CODED,01 NO,0,0,0,0,2,0,2,2,N,N,N,Y,N,N,N,N,N,N,N,N,N,N,N,N,N,N,N,N,N,N,N,N,N,N,26.724574997,-80.058344854,593655.556622,2956276.102348,C,U,ARBM15Q1R2,"February 27, 2022",482014,-8912054.479822224,3089103.5897372905
2013830855010,2013,830855010,20130008505,CITY POLICE DEPARTMENT,04 FOURTH,PALM BEACH,"May 17, 2013",1459,SATURDAY,9394 WEST PALM BEACH,0694,Y,SR 805,GREGORY RD,0,,0,0,26.6462416,-80.0562981,93050000,3.801,00087,SR 805,US 1,R RIGHT,1 THRU LANE 1,U UNNWN,21 URBAN 4-5LN 2WY DIVD PAVD,02 U.S.,02 INTERSECTION,01 ON ROADWAY,02 FOUR-WAY INTERSECTION,03 CURB,36,"April 12, 2011",16 URBAN MINOR ART,24,CURB&GUTTER,2,,0,,0,12,21500,RCI,11,,35,1 NO INJURY,32 Q/C NOT TO BE DONE ON CRASH,0 NO,02 AT INTERSECTION,01 DAYLIGHT,01 CLEAR,01 DRY,01 LEVEL,1 STRAIGHT,UNKNOWN,"TWO-WAY, NOT DIVIDED",UNKNOWN,TRAFFIC CONTROL SIGNAL,4,NONE,NOT CODED,NOT CODED,NONE,NOT CODED,NOT CODED,14 MOTOR VEHICLE IN TRANSPORT,01 FRONT TO REAR,88 UNKNOWN,OTHER CONTRIBUTING ACTION,NO CONTRIBUTING ACTION,00 NOT CODED,00 NOT CODED,00 NOT CODED,00 NOT CODED,01 NO,0,0,0,0,2,0,2,2,N,N,N,Y,N,N,N,N,N,N,N,N,N,N,N,N,N,N,N,N,N,N,N,N,N,N,26.646193933,-80.056303934,593922.777373,2947595.859199,C,,ARBM15Q1R2,"February 27, 2022",482015,-8911827.285278946,3079338.082606464
2013830860140,2013,830860140,20130010896,CITY POLICE DEPARTMENT,04 FOURTH,PALM BEACH,"June 25, 2013",1201,WEDNESDAY,9394 WEST PALM BEACH,0694,Y,BROADWAY,45TH ST,0,,0,0,26.7530716,-80.0561331,93020000,11.429,00769,SR 5,US 1,R RIGHT,2 THRU LANE 2,U UNNWN,21 URBAN 4-5LN 2WY DIVD PAVD,03 STATE,01 NON-JUNCTION,01 ON ROADWAY,02 FOUR-WAY INTERSECTION,03 CURB,41,"June 23, 2013",16 URBAN MINOR ART,22,CURB&GUTTER,2,,0,,0,16,21500,RCI,4.8,,35,1 NO INJURY,31 Q/C COMPLETED - LOC VERIFIED,0 NO,02 AT INTERSECTION,01 DAYLIGHT,01 CLEAR,01 DRY,01 LEVEL,1 STRAIGHT,UNKNOWN,"TWO-WAY, NOT DIVIDED",UNKNOWN,TRAFFIC CONTROL SIGNAL,4,NONE,NOT CODED,NOT CODED,NONE,NOT CODED,NOT CODED,14 MOTOR VEHICLE IN TRANSPORT,03 ANGLE,88 UNKNOWN,OTHER CONTRIBUTING ACTION,NO CONTRIBUTING ACTION,00 NOT CODED,00 NOT CODED,00 NOT CODED,00 NOT CODED,01 NO,0,0,0,0,2,0,2,2,N,N,N,Y,N,N,N,N,N,N,N,N,N,N,N,N,N,N,N,N,N,N,N,N,N,N,26.753048856,-80.056146643,593850.821179,2959431.602097,C,,ARBM15Q1R2,"February 27, 2022",482016,-8911809.776057959,3092652.816376186
2013830860200,2013,830860200,20130010933,CITY POLICE DEPARTMENT,04 FOURTH,PALM BEACH,"June 26, 2013",0055,THURSDAY,9394 WEST PALM BEACH,0694,Y,SARATOGA RD,EAGLE LN,0.014,N,0,0,26.743664,-80.098137,93A04759,1.029,,,,R RIGHT,S SIDE OF ROAD,N NORTH,,05 LOCAL,01 NON-JUNCTION,02 OFF ROADWAY,01 NOT AT INTERSECTION,02 UNPAVED,0,"December 31, 2000",,,,0,,0,,0,,,RCI,0,,,3 NO-INCAPACITATING INJURY,33 Q/C VERIFIED AS OFF-SYSTEM,0 NO,01 NOT AT INTERSECTION/RRX/BRIDGE,04 DARK-LIGHTED,01 CLEAR,02 WET,01 LEVEL,3 CURVE LEFT,"TWO-WAY, NOT DIVIDED",,NO CONTROLS,NOT CODED,,NONE,NOT CODED,NOT CODED,ALL OTHER (SEE NARRTIVE),NOT CODED,NOT CODED,32 TREE (STANDING),77 OTHER (SEE NARRATIVE),01 STRAIGHT AHEAD,NO CONTRIBUTING ACTION,NOT CODED,00 NOT CODED,00 NOT CODED,00 NOT CODED,00 NOT CODED,01 NO,1,0,0,0,1,0,1,1,N,N,N,N,N,N,N,N,N,N,Y,N,N,N,N,N,N,N,N,N,Y,N,N,N,N,N,26.743664006,-80.098136818,589682.736622,2958361.826881,C,U,ARBM15Q1R2,"February 27, 2022",482151,-8916484.102336643,3091482.9096869137
2013830860260,2013,830860260,20130010959,CITY POLICE DEPARTMENT,04 FOURTH,PALM BEACH,"June 26, 2013",1006,THURSDAY,9394 WEST PALM BEACH,0694,Y,S AUSTRALIAN AVE,BELVEDERE RD,0.002,N,0,0,26.691008,-80.075027,93650000,1.077,,,,L LEFT,R RIGHT TURN,U UNNWN,,04 COUNTY,01 NON-JUNCTION,01 ON ROADWAY,01 NOT AT INTERSECTION,03 CURB,0,"December 31, 2000",,,,0,,0,,0,,,RCI,0,,,1 NO INJURY,33 Q/C VERIFIED AS OFF-SYSTEM,0 NO,01 NOT AT INTERSECTION/RRX/BRIDGE,01 DAYLIGHT,03 RAIN,02 WET,01 LEVEL,1 STRAIGHT,UNKNOWN,"TWO-WAY, DIVIDED, POSITIVE MED",UNKNOWN,NO CONTROLS,,NONE,NOT CODED,NOT CODED,NONE,NOT CODED,NOT CODED,14 MOTOR VEHICLE IN TRANSPORT,01 FRONT TO REAR,88 UNKNOWN,OTHER CONTRIBUTING ACTION,NO CONTRIBUTING ACTION,00 NOT CODED,00 NOT CODED,00 NOT CODED,00 NOT CODED,01 NO,0,0,0,0,2,0,2,2,N,N,N,N,N,N,N,N,N,N,N,N,N,N,N,N,N,N,N,N,N,N,N,N,N,N,26.691008,-80.075027329,592023.235289,2952545.955324,L,U,ARBM15Q1R2,"February 27, 2022",482152,-8913911.564864505,3084920.6508611343
2013830860330,2013,830860330,20130010977,CITY POLICE DEPARTMENT,04 FOURTH,PALM BEACH,"June 26, 2013",1342,THURSDAY,9394 WEST PALM BEACH,0694,Y,FOREST HILL BLVD,I 95,0.006,E,0,0,26.6551874,-80.0702249,93016000,8.347,03831,SR 882,,L LEFT,L LEFT TURN,U UNNWN,20 URBAN 4-5LN 2WY DIVD RASD,04 COUNTY,01 NON-JUNCTION,01 ON ROADWAY,01 NOT AT INTERSECTION,03 CURB,48,"June 25, 2012",14 URBAN PRIN ART OTHER,26,CURB&GUTTER,2,,0,,0,23,42000,RCI,3.4,,35,1 NO INJURY,31 Q/C COMPLETED - LOC VERIFIED,0 NO,02 AT INTERSECTION,01 DAYLIGHT,02 CLOUDY,01 DRY,01 LEVEL,1 STRAIGHT,UNKNOWN,"TWO-WAY, NOT DIVIDED",UNKNOWN,NO CONTROLS,4,NONE,NOT CODED,NOT CODED,NONE,NOT CODED,NOT CODED,14 MOTOR VEHICLE IN TRANSPORT,01 FRONT TO REAR,88 UNKNOWN,OTHER CONTRIBUTING ACTION,NO CONTRIBUTING ACTION,00 NOT CODED,00 NOT CODED,00 NOT CODED,00 NOT CODED,01 NO,0,0,0,0,2,0,2,2,N,N,N,Y,N,N,N,N,N,N,N,N,N,N,N,N,N,N,N,N,N,N,N,N,N,N,26.655359767,-80.070218891,592530.406009,2948600.933972,L,,ARBM15Q1R2,"February 27, 2022",482153,-8913376.2917346,3080479.7085307213
2013830860370,2013,830860370,20130010994,CITY POLICE DEPARTMENT,04 FOURTH,PALM BEACH,"June 26, 2013",1716,THURSDAY,9394 WEST PALM BEACH,0694,Y,45TH ST,KIDS PL,0.002,W,0,0,26.753256,-80.064002,93510000,2.94,,,,L LEFT,2 THRU LANE 2,W WEST,,05 LOCAL,01 NON-JUNCTION,01 ON ROADWAY,01 NOT AT INTERSECTION,02 UNPAVED,0,"December 31, 2000",,,,0,,0,,0,,,RCI,0,,,2 POSSIBLE INJURY,33 Q/C VERIFIED AS OFF-SYSTEM,0 NO,01 NOT AT INTERSECTION/RRX/BRIDGE,01 DAYLIGHT,02 CLOUDY,01 DRY,01 LEVEL,1 STRAIGHT,"TWO-WAY, DIVIDED, POSITIVE MED","TWO-WAY, DIVIDED, POSITIVE MED",NO CONTROLS,NO CONTROLS,,NONE,NOT CODED,NOT CODED,NONE,NOT CODED,NOT CODED,14 MOTOR VEHICLE IN TRANSPORT,01 FRONT TO REAR,01 STRAIGHT AHEAD,NO CONTRIBUTING ACTION,NO CONTRIBUTING ACTION,00 NOT CODED,00 NOT CODED,00 NOT CODED,00 NOT CODED,01 NO,1,0,0,0,2,0,2,5,N,N,N,N,N,N,N,N,N,N,N,N,N,N,N,N,N,N,N,N,N,N,N,N,N,N,26.753255683,-80.064002007,593069.523094,2959448.742234,L,U,ARBM15Q1R2,"February 27, 2022",482154,-8912684.23143669,3092678.600181447
2013830860380,2013,830860380,20130010998,CITY POLICE DEPARTMENT,04 FOURTH,PALM BEACH,"June 26, 2013",1846,THURSDAY,9394 WEST PALM BEACH,0694,Y,SUMMIT BLVD,LAKE AVE,0,E,0,0,26.665774,-80.061503,93A12957,0.131,,,,R RIGHT,1 THRU LANE 1,U UNNWN,,05 LOCAL,02 INTERSECTION,01 ON ROADWAY,02 FOUR-WAY INTERSECTION,03 CURB,0,"December 31, 2000",,,,0,,0,,0,,,RCI,0,,,1 NO INJURY,33 Q/C VERIFIED AS OFF-SYSTEM,0 NO,02 AT INTERSECTION,01 DAYLIGHT,02 CLOUDY,01 DRY,01 LEVEL,1 STRAIGHT,"TWO-WAY, NOT DIVIDED",UNKNOWN,STOP SIGN,UNKNOWN,,NONE,NOT CODED,NOT CODED,NONE,NOT CODED,NOT CODED,14 MOTOR VEHICLE IN TRANSPORT,02 FRONT TO FRONT,01 STRAIGHT AHEAD,FOLLOWED TOO CLOSELY,NOT CODED,00 NOT CODED,00 NOT CODED,00 NOT CODED,00 NOT CODED,01 NO,0,0,0,0,1,0,2,2,N,N,N,Y,N,N,N,N,N,N,Y,N,N,N,N,N,N,N,N,N,N,N,N,N,N,N,26.665775002,-80.061502976,593389.367568,2949760.900069,C,U,ARBM15Q1R2,"February 27, 2022",482155,-8912406.040219648,3081777.061607934
2013830860390,2013,830860390,20130010923,CITY POLICE DEPARTMENT,04 FOURTH,PALM BEACH,"June 26, 2013",0645,THURSDAY,9394 WEST PALM BEACH,0694,Y,ROEBUCK RD,HAVERHILL RD N,0.004,W,0,0,26.736295,-80.118296,93000235,1.092,,,,R RIGHT,L LEFT TURN,O OFF-ROAD,,05 LOCAL,01 NON-JUNCTION,01 ON ROADWAY,01 NOT AT INTERSECTION,03 CURB,0,"December 31, 2000",,,,0,,0,,0,,,RCI,0,,,2 POSSIBLE INJURY,33 Q/C VERIFIED AS OFF-SYSTEM,3 A/D,01 NOT AT INTERSECTION/RRX/BRIDGE,03 DAWN,02 CLOUDY,01 DRY,01 LEVEL,1 STRAIGHT,"TWO-WAY, NOT DIVIDED","TWO-WAY, NOT DIVIDED",TRAFFIC CONTROL SIGNAL,TRAFFIC CONTROL SIGNAL,,NONE,NOT CODED,NOT CODED,NONE,NOT CODED,NOT CODED,14 MOTOR VEHICLE IN TRANSPORT,01 FRONT TO REAR,03 TURNING LEFT,OPERATED MV IN CARLESS OR NEGL,NO CONTRIBUTING ACTION,00 NOT CODED,00 NOT CODED,00 NOT CODED,00 NOT CODED,01 NO,1,0,0,0,2,0,2,2,N,N,N,N,N,N,N,N,N,N,N,N,N,N,N,N,N,N,N,N,N,N,N,N,N,N,26.736297137,-80.118295906,587683.63856,2957531.807926,C,U,ARBM15Q1R2,"February 27, 2022",482156,-8918728.20234991,3090564.630206117
2013830865820,2013,830865820,20130013502,CITY POLICE DEPARTMENT,04 FOURTH,PALM BEACH,"August 7, 2013",1507,THURSDAY,9394 WEST PALM BEACH,0694,Y,N AUSTRALIAN AVE,36TH ST,0,E,0,0,26.745842,-80.069758,93025501,1.493,,,,I INTERSECTION,M MIDDLE,S SOUTH,,04 COUNTY,02 INTERSECTION,01 ON ROADWAY,03 T-INTERSECTION,03 CURB,0,"December 31, 2000",,,,0,,0,,0,,,RCI,0,,,2 POSSIBLE INJURY,33 Q/C VERIFIED AS OFF-SYSTEM,0 NO,02 AT INTERSECTION,01 DAYLIGHT,02 CLOUDY,01 DRY,01 LEVEL,1 STRAIGHT,"TWO-WAY, DIVIDED, POSITIVE MED","TWO-WAY, DIVIDED, POSITIVE MED",TRAFFIC CONTROL SIGNAL,TRAFFIC CONTROL SIGNAL,,NONE,NOT CODED,NOT CODED,NONE,NOT CODED,NOT CODED,14 MOTOR VEHICLE IN TRANSPORT,03 ANGLE,03 TURNING LEFT,FAILED TO YIELD RIGHT-OF-WAY,NO CONTRIBUTING ACTION,00 NOT CODED,00 NOT CODED,00 NOT CODED,00 NOT CODED,01 NO,1,0,0,0,2,0,2,2,N,N,N,Y,N,N,N,N,N,N,N,N,N,N,N,N,N,N,N,N,N,N,N,N,N,N,26.745842,-80.069757329,592503.222581,2958623.376884,R,U,ARBM15Q1R2,"February 27, 2022",482157,-8913324.911100106,3091754.4077561884
2013830848020,2013,830848020,20130005412,CITY POLICE DEPARTMENT,04 FOURTH,PALM BEACH,"March 30, 2013",1950,SUNDAY,9394 WEST PALM BEACH,0694,Y,SUMMIT BLVD,DREHER TRL N,0.004,E,0,0,26.665891,-80.068436,93000137,2.302,,,,L LEFT,1 THRU LANE 1,W WEST,,04 COUNTY,01 NON-JUNCTION,01 ON ROADWAY,01 NOT AT INTERSECTION,03 CURB,0,"December 31, 2000",,,,0,,0,,0,,,RCI,0,,,4 INCAPACITATING INJURY,33 Q/C VERIFIED AS OFF-SYSTEM,0 NO,01 NOT AT INTERSECTION/RRX/BRIDGE,04 DARK-LIGHTED,02 CLOUDY,01 DRY,01 LEVEL,1 STRAIGHT,"TWO-WAY, NOT DIVIDED","TWO-WAY, NOT DIVIDED",NO CONTROLS,UNKNOWN,,NONE,NOT CODED,NOT CODED,NONE,NOT CODED,NOT CODED,14 MOTOR VEHICLE IN TRANSPORT,01 FRONT TO REAR,77 OTHER (SEE NARRATIVE),OPERATED MV IN CARLESS OR NEGL,NO CONTRIBUTING ACTION,00 NOT CODED,00 NOT CODED,00 NOT CODED,00 NOT CODED,01 NO,1,0,1,0,3,0,3,4,N,N,N,N,N,N,N,N,N,N,N,N,N,N,N,Y,N,N,N,N,N,N,N,N,N,N,26.665892677,-80.068435919,592699.342153,2949768.880653,C,U,ARBM15Q1R2,"February 27, 2022",482431,-8913177.812028022,3081791.7202378376
2013830853440,2013,830853440,20130007811,CITY POLICE DEPARTMENT,04 FOURTH,PALM BEACH,"May 6, 2013",1752,TUESDAY,9394 WEST PALM BEACH,0694,Y,S TAMARIND AVE,FERN ST,0.019,N,0,0,26.710837,-80.062002,93027501,1.408,,,,R RIGHT,2 THRU LANE 2,N NORTH,,05 LOCAL,01 NON-JUNCTION,01 ON ROADWAY,01 NOT AT INTERSECTION,03 CURB,0,"December 31, 2000",,,,0,,0,,0,,,RCI,0,,,4 INCAPACITATING INJURY,33 Q/C VERIFIED AS OFF-SYSTEM,1 ALC,01 NOT AT INTERSECTION/RRX/BRIDGE,01 DAYLIGHT,01 CLEAR,01 DRY,01 LEVEL,1 STRAIGHT,"TWO-WAY, NOT DIVIDED","TWO-WAY, NOT DIVIDED",NO CONTROLS,NO CONTROLS,,NONE,NOT CODED,NOT CODED,NONE,NOT CODED,NOT CODED,14 MOTOR VEHICLE IN TRANSPORT,01 FRONT TO REAR,01 STRAIGHT AHEAD,OPERATED MV IN CARLESS OR NEGL,NO CONTRIBUTING ACTION,00 NOT CODED,00 NOT CODED,00 NOT CODED,00 NOT CODED,01 NO,1,0,1,0,2,0,2,5,N,N,N,N,N,N,N,N,N,N,N,N,N,N,N,N,Y,N,Y,N,N,N,N,N,N,N,26.710836997,-80.062001839,593303.020197,2954751.747503,C,U,ARBM15Q1R2,"February 27, 2022",482432,-8912461.573539097,3087391.48495471