Crash Id,Calendar Year,FDOT Crash Number,Reporting Agency Case Number,Reporting Agency Type,FDOT Managing District,County Name,Crash Date,Crash Time,Day,DHSMV City,Crash Report City Code,In Town,On Roadway Name,Int Roadway Name,Reference Distance (Miles),Reference Direction,Officer Latitude,Officer Longitude,FDOT Latitude,FDOT Longitude,FDOT Roadway,Nearest Inventory MP,Nearest Node From Crash,State Road #,US Highway,Crash Side of Road,Accident Lane Number,Travel Direction Vehicle 1,FDOT Road Category,DHSMV Road System Id,Relation to Junction,Crash Harmful Event Location,Intersection Type,Shoulder Type,FDOT Roadway SKID Test Result,FDOT Roadway SKID Test Date,Functional Class,RCI Surface Width,RCI Shoulder Type First,RCI Shoulder Width First,RCI Shoulder Type Second,RCI Shoulder Width Second,RCI Shoulder Type Third,RCI Shoulder Width Third,RCI Median Width,Avg Daily Traffic,AADT Source,RCI Avg Per Truck Traffic,RCI Horiz Curve Condition,Posted Speed Limit,Highest Injury in Crash,CAR Status Code,Alcohols/Drug Involved,Site Location,Lighting,Weather,Road Surface,Roadway Grade,Roadway Alignment,Traffic Way Vehicle 1,Traffic Way Vehicle 2,Traffic Control Vehicle 1,Traffic Control Vehicle 2,Count of Lanes,Road Condition 1,Road Condition 2,Road Condition 3,Environment Condition 1,Environment Condition 2,Environment Condition 3,Crash Harmful Event,Manner of Collision,Vehicle Movement,Driver Action Vehicle 1,Driver Action Vehicle 2,Location Within Workzone,Type of Workzone,Workers Present in Workzone,Law Enforcement Present in Workzone,School Bus Related,Count of Nonfatal Injuries,Count of Traffic Fatalities,Count of Serious Injuries,Count of Pedestrians,Count of Drivers,Count of Bicyclists,Count of Vehicles,Count of Persons,Wrong Way,Workzone Inv,Commercial Vehicle Inv,Intersection Inv,Lane Departure,Speeding,Agressive Driving,Impaired Driver,Impaired Pedestrian,Impaired Bicyclist,Distracted Driver,Speeding or Aggressive Driving,Pedestrian Related,Bicyclist Related,Pedestrian or Bicyclist Related,Motorcycle Inv,No Belt,No Belt - Ages 1-4,No Belt - Ages 5-12,No Belt - Ages 13-17,Driver - Ages Teen,Driver - Ages 65 plus,Driver - Ages 65-69,Driver - Ages 70-74,Driver - Ages 75-79,Driver - Ages 80 plus,ARBM Latitude,ARBM Longitude,UTM Zone 17N X,UTM Zone 17N Y,ARBM Side of Road,Urban Rural Indicator,GIS Street Source,Extract Date,OBJECTID,x,y
2013833148170,2013,833148170,FHPL13OFF066757,FLORIDA HIGHWAY PATROL,04 FOURTH,PALM BEACH,"October 31, 2013",2250,FRIDAY,9394 WEST PALM BEACH,0694,N,I 95,OKEECHOBEE BLVD,0.5,N,26.6942912,-80.0684339,26.7121876,-80.0809208,93220000,27.733,01183,SR 9,I 95,L LEFT,5 THRU LANE 5,S SOUTH,01 INTERSTATE URBAN,01 INTERSTATE,01 NON-JUNCTION,01 ON ROADWAY,01 NOT AT INTERSECTION,01 PAVED,32,"September 8, 2013",11 URBAN PRIN ART INT.,64,PAVED WARN,10,LAWN,12,,0,32,177265,RCI,6.3,0D5000,65,3 NO-INCAPACITATING INJURY,32 Q/C NOT TO BE DONE ON CRASH,0 NO,01 NOT AT INTERSECTION/RRX/BRIDGE,04 DARK-LIGHTED,02 CLOUDY,01 DRY,01 LEVEL,1 STRAIGHT,"TWO-WAY, DIVIDED, POSITIVE MED","TWO-WAY, DIVIDED, POSITIVE MED",NO CONTROLS,NO CONTROLS,10,NONE,NOT CODED,NOT CODED,NONE,NOT CODED,NOT CODED,14 MOTOR VEHICLE IN TRANSPORT,03 ANGLE,77 OTHER (SEE NARRATIVE),NOT CODED,NO CONTRIBUTING ACTION,00 NOT CODED,00 NOT CODED,00 NOT CODED,00 NOT CODED,01 NO,2,0,0,0,1,0,2,5,N,N,Y,N,Y,N,N,N,N,N,N,N,N,N,N,N,N,N,N,N,N,N,N,N,N,N,26.711954464,-80.081182509,591394.120462,2954861.623713,L,,ARBM15Q1R2,"February 27, 2022",517632,-8914596.756553411,3087530.741999803
2013833153280,2013,833153280,FHPL13OFF049281,FLORIDA HIGHWAY PATROL,04 FOURTH,PALM BEACH,"August 12, 2013",1718,TUESDAY,9394 WEST PALM BEACH,0694,N,SR 9,BELVEDERE RD,0.114,N,26.6977833,-80.0707524,26.6925915,-80.0671055,93220000,26.129,02141,SR 9,I 95,L LEFT,4 THRU LANE 4,S SOUTH,01 INTERSTATE URBAN,01 INTERSTATE,01 NON-JUNCTION,01 ON ROADWAY,01 NOT AT INTERSECTION,01 PAVED,32,"September 8, 2013",11 URBAN PRIN ART INT.,64,PAVED,10,,0,,0,32,199000,RCI,7.5,,65,3 NO-INCAPACITATING INJURY,31 Q/C COMPLETED - LOC VERIFIED,0 NO,01 NOT AT INTERSECTION/RRX/BRIDGE,01 DAYLIGHT,01 CLEAR,01 DRY,01 LEVEL,1 STRAIGHT,"TWO-WAY, DIVIDED, POSITIVE MED","TWO-WAY, DIVIDED, POSITIVE MED",NO CONTROLS,NO CONTROLS,10,NONE,NOT CODED,NOT CODED,NONE,NOT CODED,NOT CODED,14 MOTOR VEHICLE IN TRANSPORT,01 FRONT TO REAR,01 STRAIGHT AHEAD,OPERATED MV IN CARLESS OR NEGL,NO CONTRIBUTING ACTION,00 NOT CODED,00 NOT CODED,00 NOT CODED,00 NOT CODED,01 NO,2,0,0,0,3,0,3,6,N,N,N,N,N,N,N,N,N,N,N,N,N,N,N,N,N,N,N,N,N,N,N,N,N,N,26.692340284,-80.067425576,592778.475788,2952699.030787,L,,ARBM15Q1R2,"February 27, 2022",517720,-8913065.341345688,3085086.6495059486
2013833146210,2013,833146210,FHPK13OFF064783,FLORIDA HIGHWAY PATROL,08 TURNPIKE,PALM BEACH,"November 30, 2013",1114,SUNDAY,9394 WEST PALM BEACH,0694,N,SR 91,BEELINE HWY,1,S,26.7831216,-80.1322915,26.7802844,-80.1324515,93470000,31.907,01454,SR 91,,M MEDIAN,M MIDDLE,N NORTH,03 TOLL ROAD URBAN,06 TURNPIKE/TOLL,01 NON-JUNCTION,04 MEDIAN,01 NOT AT INTERSECTION,01 PAVED,34,"June 26, 2012",12 URBAN PRIN ART EXPR.,24,PAVED WARN,10,LAWN,12,,0,20,51000,RCI,12.3,,70,2 POSSIBLE INJURY,32 Q/C NOT TO BE DONE ON CRASH,0 NO,01 NOT AT INTERSECTION/RRX/BRIDGE,01 DAYLIGHT,03 RAIN,02 WET,01 LEVEL,1 STRAIGHT,"TWO-WAY, DIVIDED, POSITIVE MED","TWO-WAY, DIVIDED, POSITIVE MED",NO CONTROLS,NO CONTROLS,4,"RD SURFC (WET, ICY, SNOW, ETC)",NOT CODED,NOT CODED,WEATHER CONDITIONS,NOT CODED,NOT CODED,14 MOTOR VEHICLE IN TRANSPORT,01 FRONT TO REAR,01 STRAIGHT AHEAD,FOLLOWED TOO CLOSELY,NO CONTRIBUTING ACTION,00 NOT CODED,00 NOT CODED,00 NOT CODED,00 NOT CODED,01 NO,6,0,0,0,3,0,3,6,N,N,N,N,N,N,N,N,N,N,N,N,N,N,N,N,N,N,N,N,N,N,N,N,N,N,26.780192086,-80.132457455,586242.09011,2962384.071704,R,,ARBM15Q1R2,"February 27, 2022",517931,-8920304.659354417,3096037.0094522494
2013832295060,2013,832295060,FHPL13OFF027888,FLORIDA HIGHWAY PATROL,04 FOURTH,PALM BEACH,"May 8, 2013",1305,THURSDAY,9394 WEST PALM BEACH,0694,Y,I 95,PALM BEACH LAKES BLVD,0.009,S,26.5534296,-80.0696661,26.7188015,-80.0893236,93220000,28.426,06139,SR 9,I 95,L LEFT,1 THRU LANE 1,S SOUTH,01 INTERSTATE URBAN,01 INTERSTATE,01 NON-JUNCTION,04 MEDIAN,01 NOT AT INTERSECTION,01 PAVED,32,"September 8, 2013",11 URBAN PRIN ART INT.,40,PAVED WARN,10,CURB W RESF,2,,0,51,177265,RCI,6.3,1D3000,65,3 NO-INCAPACITATING INJURY,31 Q/C COMPLETED - LOC VERIFIED,0 NO,01 NOT AT INTERSECTION/RRX/BRIDGE,01 DAYLIGHT,02 CLOUDY,01 DRY,04 DOWNHILL,3 CURVE LEFT,"TWO-WAY, DIVIDED, POSITIVE MED",,NO CONTROLS,NOT CODED,7,NONE,NOT CODED,NOT CODED,NONE,NOT CODED,NOT CODED,30 CONCRETE TRAFFIC BARRIER,88 UNKNOWN,01 STRAIGHT AHEAD,NO CONTRIBUTING ACTION,NOT CODED,00 NOT CODED,00 NOT CODED,00 NOT CODED,00 NOT CODED,01 NO,1,0,0,0,1,0,1,1,N,N,N,N,Y,N,N,N,N,N,N,N,N,N,N,N,N,N,N,N,N,Y,Y,N,N,N,26.718612094,-80.089553281,590556.175166,2955593.068185,L,,ARBM15Q1R2,"February 27, 2022",517983,-8915528.586975051,3088360.4346723584
2013833152960,2013,833152960,FHPL13OFF034560,FLORIDA HIGHWAY PATROL,04 FOURTH,PALM BEACH,"June 6, 2013",1723,FRIDAY,9394 WEST PALM BEACH,0694,N,SR 9,PALM BEACH LAKES BLVD,0.002,N,26.7190848,-80.0906153,26.7185295,-80.0903118,93220069,0.28,04374,SR 9,I 95,L LEFT,X RAMP,S SOUTH,07 RAMP URBAN,01 INTERSTATE,14 ENTRANCE/EXIT RAMP,01 ON ROADWAY,01 NOT AT INTERSECTION,01 PAVED,0,"December 31, 2000",,24,PAVED,6,CURB&GUTTER,2,,0,,14500,RCI,4.8,,,1 NO INJURY,31 Q/C COMPLETED - LOC VERIFIED,0 NO,08 EXIT RAMP,02 DUSK,03 RAIN,02 WET,01 LEVEL,1 STRAIGHT,ONE-WAY TRAFFICWAY,ONE-WAY TRAFFICWAY,TRAFFIC CONTROL SIGNAL,TRAFFIC CONTROL SIGNAL,4,NONE,NOT CODED,NOT CODED,WEATHER CONDITIONS,NOT CODED,NOT CODED,14 MOTOR VEHICLE IN TRANSPORT,01 FRONT TO REAR,14 SLOWING,OPERATED MV IN CARLESS OR NEGL,NO CONTRIBUTING ACTION,00 NOT CODED,00 NOT CODED,00 NOT CODED,00 NOT CODED,01 NO,0,0,0,0,2,0,3,2,N,N,N,N,N,N,N,N,N,N,N,N,N,N,N,N,N,N,N,N,N,N,N,N,N,N,26.718528653,-80.09032381,590479.597803,2955583.278636,O,,ARBM15Q1R2,"February 27, 2022",518010,-8915614.361939434,3088350.035690824
2013833249270,2013,833249270,FHPL13OFF033662,FLORIDA HIGHWAY PATROL,04 FOURTH,PALM BEACH,"June 2, 2013",2135,MONDAY,9394 WEST PALM BEACH,0694,Y,I 95,BELVEDERE RD,1,N,26.6979649,-80.0708212,26.7039223,-80.0738966,93220000,27.015,01181,SR 9,I 95,L LEFT,5 THRU LANE 5,S SOUTH,01 INTERSTATE URBAN,01 INTERSTATE,01 NON-JUNCTION,01 ON ROADWAY,01 NOT AT INTERSECTION,01 PAVED,32,"September 8, 2013",11 URBAN PRIN ART INT.,64,PAVED WARN,9,LAWN,12,,0,32,199000,RCI,7.5,0D4500,65,1 NO INJURY,31 Q/C COMPLETED - LOC VERIFIED,0 NO,01 NOT AT INTERSECTION/RRX/BRIDGE,04 DARK-LIGHTED,02 CLOUDY,02 WET,01 LEVEL,1 STRAIGHT,"TWO-WAY, DIVIDED, POSITIVE MED","TWO-WAY, DIVIDED, POSITIVE MED",NO CONTROLS,NO CONTROLS,10,"RD SURFC (WET, ICY, SNOW, ETC)",NOT CODED,NOT CODED,NONE,NOT CODED,NOT CODED,14 MOTOR VEHICLE IN TRANSPORT,01 FRONT TO REAR,01 STRAIGHT AHEAD,DROVE TOO FAST FOR CONDITIONS,NO CONTRIBUTING ACTION,00 NOT CODED,00 NOT CODED,00 NOT CODED,00 NOT CODED,01 NO,0,0,0,0,3,0,3,4,N,N,N,N,N,Y,N,N,N,N,N,Y,N,N,N,N,N,N,N,N,N,N,N,N,N,N,26.703722408,-80.074120461,592103.236793,2953954.89788,L,,ARBM15Q1R2,"February 27, 2022",518425,-8913810.612732265,3086504.907176105
2013833249290,2013,833249290,FHPL13OFF034938,FLORIDA HIGHWAY PATROL,04 FOURTH,PALM BEACH,"June 8, 2013",0315,SUNDAY,9394 WEST PALM BEACH,0694,Y,I 95,OKEECHOBEE BLVD,0.095,N,26.7080227,-80.0760406,26.706697,-80.0741745,93220063,0.095,01748,SR 9,I 95,R RIGHT,X RAMP,N NORTH,07 RAMP URBAN,01 INTERSTATE,01 NON-JUNCTION,03 SHOULDER,01 NOT AT INTERSECTION,02 UNPAVED,0,"December 31, 2000",,24,PAVED,4,VALLEY GUTR,3,,0,,5600,RCI,4.8,,,0 UNKNOWN/NOT CODED,31 Q/C COMPLETED - LOC VERIFIED,0 NO,07 ENTRANCE RAMP,04 DARK-LIGHTED,02 CLOUDY,02 WET,01 LEVEL,1 STRAIGHT,ONE-WAY TRAFFICWAY,,NO CONTROLS,NOT CODED,2,"RD SURFC (WET, ICY, SNOW, ETC)",NOT CODED,NOT CODED,NONE,NOT CODED,NOT CODED,33 UTILITY POLE/LIGHT SUPPORT,77 OTHER (SEE NARRATIVE),01 STRAIGHT AHEAD,NOT CODED,NOT CODED,00 NOT CODED,00 NOT CODED,00 NOT CODED,00 NOT CODED,01 NO,0,0,0,0,0,0,1,0,N,N,N,N,Y,N,N,N,N,N,N,N,N,N,N,N,N,N,N,N,N,N,N,N,N,N,26.70671981,-80.074156975,592097.193177,2954286.87345,O,,ARBM15Q1R2,"February 27, 2022",518427,-8913814.677418582,3086878.4187044073
2013833249300,2013,833249300,FHPL13OFF034943,FLORIDA HIGHWAY PATROL,04 FOURTH,PALM BEACH,"June 8, 2013",0415,SUNDAY,9394 WEST PALM BEACH,0694,Y,I 95,OKEECHOBEE BLVD,0.047,N,26.7069851,-80.0744304,26.705166,-80.0735223,93220065,0.047,01751,SR 9,I 95,R RIGHT,X RAMP,N NORTH,07 RAMP URBAN,01 INTERSTATE,14 ENTRANCE/EXIT RAMP,01 ON ROADWAY,01 NOT AT INTERSECTION,02 UNPAVED,0,"December 31, 2000",,14,PAVED,5,LAWN,12,,0,,4800,RCI,4.8,,,1 NO INJURY,31 Q/C COMPLETED - LOC VERIFIED,0 NO,07 ENTRANCE RAMP,04 DARK-LIGHTED,02 CLOUDY,02 WET,01 LEVEL,2 CURVE RIGHT,ONE-WAY TRAFFICWAY,ONE-WAY TRAFFICWAY,NO CONTROLS,NO CONTROLS,1,"RD SURFC (WET, ICY, SNOW, ETC)",NOT CODED,NOT CODED,NONE,NOT CODED,NOT CODED,14 MOTOR VEHICLE IN TRANSPORT,"04 SIDESWIPE, SAME DIRECTION",14 SLOWING,DROVE TOO FAST FOR CONDITIONS,NO CONTRIBUTING ACTION,00 NOT CODED,00 NOT CODED,00 NOT CODED,00 NOT CODED,01 NO,0,0,0,0,2,0,2,5,N,N,N,N,Y,Y,N,N,N,N,N,Y,N,N,N,N,N,N,N,N,N,N,N,N,N,N,26.705186504,-80.073507091,592163.077336,2954117.509205,O,,ARBM15Q1R2,"February 27, 2022",518428,-8913742.332723916,3086687.349555632
2013832358770,2013,832358770,FHPL13OFF001439,FLORIDA HIGHWAY PATROL,04 FOURTH,PALM BEACH,"January 7, 2013",0800,TUESDAY,9394 WEST PALM BEACH,0694,Y,I 95,SR 704,0.379,S,26.0939166,-80.2299266,26.6986796,-80.0707655,93220000,26.612,02143,SR 9,I 95,R RIGHT,4 THRU LANE 4,N NORTH,01 INTERSTATE URBAN,01 INTERSTATE,01 NON-JUNCTION,01 ON ROADWAY,01 NOT AT INTERSECTION,01 PAVED,32,"September 8, 2013",11 URBAN PRIN ART INT.,64,PAVED WARN,10,VALLEY GUTR,3,,0,32,199000,RCI,7.5,,65,2 POSSIBLE INJURY,31 Q/C COMPLETED - LOC VERIFIED,0 NO,01 NOT AT INTERSECTION/RRX/BRIDGE,01 DAYLIGHT,03 RAIN,02 WET,04 DOWNHILL,1 STRAIGHT,"TWO-WAY, DIVIDED, POSITIVE MED","TWO-WAY, DIVIDED, POSITIVE MED",NO CONTROLS,NO CONTROLS,10,NONE,NOT CODED,NOT CODED,NONE,NOT CODED,NOT CODED,14 MOTOR VEHICLE IN TRANSPORT,01 FRONT TO REAR,01 STRAIGHT AHEAD,DROVE TOO FAST FOR CONDITIONS,NO CONTRIBUTING ACTION,00 NOT CODED,00 NOT CODED,00 NOT CODED,00 NOT CODED,01 NO,1,0,0,0,2,0,2,2,N,N,N,N,N,Y,N,N,N,N,N,Y,N,N,N,N,N,N,N,N,N,N,N,N,N,N,26.698622352,-80.070690009,592448.62132,2953392.482031,R,,ARBM15Q1R2,"February 27, 2022",518521,-8913428.736534752,3085869.4024984944
2013832505330,2013,832505330,FHPL13OFF026313,FLORIDA HIGHWAY PATROL,04 FOURTH,PALM BEACH,"April 30, 2013",1932,WEDNESDAY,9394 WEST PALM BEACH,0694,Y,I 95,SR 704,0.25,S,26.6996024,-80.0712893,26.7004369,-80.0717643,93220000,26.741,01228,SR 9,I 95,R RIGHT,S SIDE OF ROAD,N NORTH,01 INTERSTATE URBAN,01 INTERSTATE,01 NON-JUNCTION,03 SHOULDER,01 NOT AT INTERSECTION,01 PAVED,32,"September 8, 2013",11 URBAN PRIN ART INT.,64,PAVED WARN,10,,0,,0,32,199000,RCI,7.5,,65,1 NO INJURY,31 Q/C COMPLETED - LOC VERIFIED,0 NO,01 NOT AT INTERSECTION/RRX/BRIDGE,01 DAYLIGHT,02 CLOUDY,02 WET,01 LEVEL,1 STRAIGHT,"TWO-WAY, DIVIDED, POSITIVE MED",,NO CONTROLS,NOT CODED,10,NONE,NOT CODED,NOT CODED,WEATHER CONDITIONS,NOT CODED,NOT CODED,30 CONCRETE TRAFFIC BARRIER,77 OTHER (SEE NARRATIVE),01 STRAIGHT AHEAD,NO CONTRIBUTING ACTION,NOT CODED,00 NOT CODED,00 NOT CODED,00 NOT CODED,00 NOT CODED,01 NO,0,0,0,0,1,0,1,1,N,N,N,N,Y,N,N,N,N,N,N,N,N,N,N,N,N,N,N,N,Y,N,N,N,N,N,26.700278663,-80.07167148,592349.642922,2953575.229109,R,,ARBM15Q1R2,"February 27, 2022",518663,-8913537.993358992,3086075.787959641
2013833152910,2013,833152910,FHPL13OFF033533,FLORIDA HIGHWAY PATROL,04 FOURTH,PALM BEACH,"June 2, 2013",1130,MONDAY,9394 WEST PALM BEACH,0694,N,SR 9,PALM BEACH LAKES BLVD,0,N,26.7182561,-80.0904788,26.7185005,-80.0903069,93220069,0.282,04374,SR 9,I 95,L LEFT,X RAMP,S SOUTH,07 RAMP URBAN,01 INTERSTATE,14 ENTRANCE/EXIT RAMP,01 ON ROADWAY,01 NOT AT INTERSECTION,01 PAVED,0,"December 31, 2000",,24,PAVED,6,CURB&GUTTER,2,,0,,14500,RCI,4.8,,,4 INCAPACITATING INJURY,31 Q/C COMPLETED - LOC VERIFIED,0 NO,08 EXIT RAMP,01 DAYLIGHT,02 CLOUDY,02 WET,01 LEVEL,1 STRAIGHT,ONE-WAY TRAFFICWAY,ONE-WAY TRAFFICWAY,TRAFFIC CONTROL SIGNAL,TRAFFIC CONTROL SIGNAL,4,NONE,NOT CODED,NOT CODED,NONE,NOT CODED,NOT CODED,14 MOTOR VEHICLE IN TRANSPORT,01 FRONT TO REAR,01 STRAIGHT AHEAD,OPERATED MV IN CARLESS OR NEGL,NO CONTRIBUTING ACTION,00 NOT CODED,00 NOT CODED,00 NOT CODED,00 NOT CODED,01 NO,3,0,2,0,3,0,3,3,N,N,N,N,N,N,N,N,N,N,N,N,N,N,N,N,N,N,N,N,N,Y,N,N,Y,N,26.718499816,-80.090314937,590480.5032,2955580.0908,O,,ARBM15Q1R2,"February 27, 2022",519295,-8915613.374186777,3088346.44181408
2013833271370,2013,833271370,FHPL13OFF033101,FLORIDA HIGHWAY PATROL,04 FOURTH,PALM BEACH,"May 31, 2013",0854,SATURDAY,9394 WEST PALM BEACH,0694,Y,SR 9,SR 882,0.038,S,26.6545864,-80.0694065,26.6547225,-80.0692637,93220000,23.47,02217,SR 9,I 95,L LEFT,3 THRU LANE 3,S SOUTH,01 INTERSTATE URBAN,01 INTERSTATE,01 NON-JUNCTION,01 ON ROADWAY,01 NOT AT INTERSECTION,01 PAVED,31,"September 8, 2013",11 URBAN PRIN ART INT.,64,PAVED WARN,10,,0,,0,32,208000,RCI,7.5,,65,3 NO-INCAPACITATING INJURY,31 Q/C COMPLETED - LOC VERIFIED,0 NO,01 NOT AT INTERSECTION/RRX/BRIDGE,01 DAYLIGHT,02 CLOUDY,02 WET,01 LEVEL,1 STRAIGHT,"TWO-WAY, DIVIDED, POSITIVE MED","TWO-WAY, DIVIDED, POSITIVE MED",NO CONTROLS,NO CONTROLS,10,NONE,NOT CODED,NOT CODED,NONE,NOT CODED,NOT CODED,14 MOTOR VEHICLE IN TRANSPORT,01 FRONT TO REAR,01 STRAIGHT AHEAD,NOT CODED,NO CONTRIBUTING ACTION,00 NOT CODED,00 NOT CODED,00 NOT CODED,00 NOT CODED,01 NO,2,0,0,0,2,0,3,3,N,N,N,N,N,N,N,N,N,N,N,N,N,N,N,N,N,N,N,N,N,N,N,N,N,N,26.654402232,-80.069514577,592601.274774,2948495.385408,L,,ARBM15Q1R2,"February 27, 2022",519357,-8913297.88775868,3080360.440924346
2013833145900,2013,833145900,FHPK13OFF028908,FLORIDA HIGHWAY PATROL,08 TURNPIKE,PALM BEACH,"June 3, 2013",1441,TUESDAY,9394 WEST PALM BEACH,0694,N,SR 91,MM 94,0,,26.6831891,-80.1636216,26.6297706,-80.1737885,93470000,20.795,05088,SR 91,,M MEDIAN,M MIDDLE,S SOUTH,03 TOLL ROAD URBAN,06 TURNPIKE/TOLL,01 NON-JUNCTION,04 MEDIAN,01 NOT AT INTERSECTION,01 PAVED,33,"June 26, 2012",12 URBAN PRIN ART EXPR.,36,PAVED WARN,12,LAWN,12,,0,20,61000,RCI,8.6,,70,1 NO INJURY,31 Q/C COMPLETED - LOC VERIFIED,0 NO,01 NOT AT INTERSECTION/RRX/BRIDGE,01 DAYLIGHT,03 RAIN,02 WET,01 LEVEL,1 STRAIGHT,"TWO-WAY, DIVIDED, POSITIVE MED",,NO CONTROLS,NOT CODED,5,"RD SURFC (WET, ICY, SNOW, ETC)",NOT CODED,NOT CODED,WEATHER CONDITIONS,NOT CODED,NOT CODED,30 CONCRETE TRAFFIC BARRIER,77 OTHER (SEE NARRATIVE),01 STRAIGHT AHEAD,FAILED TO KEEP IN PROPER LANE,NOT CODED,00 NOT CODED,00 NOT CODED,00 NOT CODED,00 NOT CODED,01 NO,0,0,0,0,1,0,1,1,N,N,N,N,Y,N,N,N,N,N,N,N,N,N,N,N,N,N,N,N,N,N,N,N,N,N,26.629639007,-80.173804788,582239.660145,2945681.211798,R,,ARBM15Q1R2,"February 27, 2022",519639,-8924907.42434163,3077276.359920352
2013833361330,2013,833361330,FHPL13OFF070925,FLORIDA HIGHWAY PATROL,04 FOURTH,PALM BEACH,"November 20, 2013",1340,THURSDAY,9394 WEST PALM BEACH,0694,Y,I 95,BELVEDERE RD,0.009,S,26.6893036,-80.0672096,26.6903151,-80.0665274,93220000,25.967,05233,SR 9,I 95,L LEFT,4 THRU LANE 4,S SOUTH,01 INTERSTATE URBAN,01 INTERSTATE,01 NON-JUNCTION,01 ON ROADWAY,01 NOT AT INTERSECTION,01 PAVED,32,"September 8, 2013",11 URBAN PRIN ART INT.,64,PAVED,10,,0,,0,32,191500,RCI,7.5,3D0000,65,3 NO-INCAPACITATING INJURY,31 Q/C COMPLETED - LOC VERIFIED,0 NO,02 AT INTERSECTION,01 DAYLIGHT,02 CLOUDY,02 WET,04 DOWNHILL,2 CURVE RIGHT,"TWO-WAY, DIVIDED, POSITIVE MED","TWO-WAY, DIVIDED, POSITIVE MED",NO CONTROLS,NO CONTROLS,10,NONE,NOT CODED,NOT CODED,NONE,NOT CODED,NOT CODED,14 MOTOR VEHICLE IN TRANSPORT,01 FRONT TO REAR,01 STRAIGHT AHEAD,DROVE TOO FAST FOR CONDITIONS,NO CONTRIBUTING ACTION,00 NOT CODED,00 NOT CODED,00 NOT CODED,00 NOT CODED,01 NO,1,0,0,0,2,0,2,3,N,N,N,Y,N,Y,N,N,N,N,N,Y,N,N,N,N,N,N,N,N,N,N,N,N,N,N,26.69003737,-80.066977331,592824.938425,2952444.278877,L,,ARBM15Q1R2,"February 27, 2022",522926,-8913015.442936273,3084799.7145856577
2013833361360,2013,833361360,FHPL13OFF072318,FLORIDA HIGHWAY PATROL,04 FOURTH,PALM BEACH,"November 26, 2013",0723,WEDNESDAY,9394 WEST PALM BEACH,0694,Y,I 95,PALM BEACH LAKES BLVD,0.095,S,26.7141565,-80.0834502,26.7178225,-80.0884624,93220000,28.34,06139,SR 9,I 95,M MEDIAN,M MIDDLE,N NORTH,01 INTERSTATE URBAN,01 INTERSTATE,01 NON-JUNCTION,03 SHOULDER,01 NOT AT INTERSECTION,01 PAVED,32,"September 8, 2013",11 URBAN PRIN ART INT.,40,PAVED WARN,10,CURB W RESF,2,,0,51,177265,RCI,6.3,1D3000,65,1 NO INJURY,31 Q/C COMPLETED - LOC VERIFIED,0 NO,01 NOT AT INTERSECTION/RRX/BRIDGE,01 DAYLIGHT,03 RAIN,02 WET,01 LEVEL,1 STRAIGHT,"TWO-WAY, DIVIDED, POSITIVE MED",,NO CONTROLS,NOT CODED,7,NONE,NOT CODED,NOT CODED,NONE,NOT CODED,NOT CODED,30 CONCRETE TRAFFIC BARRIER,88 UNKNOWN,01 STRAIGHT AHEAD,NO CONTRIBUTING ACTION,NOT CODED,00 NOT CODED,00 NOT CODED,00 NOT CODED,00 NOT CODED,01 NO,0,0,0,0,1,0,1,1,N,N,N,N,Y,N,N,N,N,N,N,N,N,N,N,N,N,N,N,N,N,N,N,N,N,N,26.717688783,-80.088359085,590675.691718,2955491.648648,R,,ARBM15Q1R2,"February 27, 2022",523014,-8915395.649676083,3088245.366152439
2013833361370,2013,833361370,FHPL13OFF072342,FLORIDA HIGHWAY PATROL,04 FOURTH,PALM BEACH,"November 26, 2013",0845,WEDNESDAY,9394 WEST PALM BEACH,0694,Y,I 95,FOREST HILL BLVD,0.019,S,26.6579507,-80.0698557,26.6549937,-80.069321,93220000,23.489,02217,SR 9,I 95,R RIGHT,5 THRU LANE 5,N NORTH,01 INTERSTATE URBAN,01 INTERSTATE,01 NON-JUNCTION,01 ON ROADWAY,01 NOT AT INTERSECTION,01 PAVED,31,"September 8, 2013",11 URBAN PRIN ART INT.,64,PAVED WARN,10,,0,,0,32,208000,RCI,7.5,,65,2 POSSIBLE INJURY,32 Q/C NOT TO BE DONE ON CRASH,0 NO,01 NOT AT INTERSECTION/RRX/BRIDGE,01 DAYLIGHT,02 CLOUDY,02 WET,03 UPHILL,1 STRAIGHT,"TWO-WAY, DIVIDED, POSITIVE MED","TWO-WAY, DIVIDED, POSITIVE MED",NO CONTROLS,NO CONTROLS,10,NONE,NOT CODED,NOT CODED,NONE,NOT CODED,NOT CODED,14 MOTOR VEHICLE IN TRANSPORT,"04 SIDESWIPE, SAME DIRECTION",77 OTHER (SEE NARRATIVE),OTHER CONTRIBUTING ACTION,NO CONTRIBUTING ACTION,00 NOT CODED,00 NOT CODED,00 NOT CODED,00 NOT CODED,01 NO,4,0,0,0,2,0,2,4,N,N,N,N,Y,N,N,N,N,N,N,N,N,N,N,N,Y,N,Y,N,N,N,N,N,N,N,26.654749716,-80.069280822,592624.258666,2948534.043187,R,,ARBM15Q1R2,"February 27, 2022",523015,-8913271.866230493,3080403.722359244