Crash Id,Calendar Year,FDOT Crash Number,Reporting Agency Case Number,Reporting Agency Type,FDOT Managing District,County Name,Crash Date,Crash Time,Day,DHSMV City,Crash Report City Code,In Town,On Roadway Name,Int Roadway Name,Reference Distance (Miles),Reference Direction,Officer Latitude,Officer Longitude,FDOT Latitude,FDOT Longitude,FDOT Roadway,Nearest Inventory MP,Nearest Node From Crash,State Road #,US Highway,Crash Side of Road,Accident Lane Number,Travel Direction Vehicle 1,FDOT Road Category,DHSMV Road System Id,Relation to Junction,Crash Harmful Event Location,Intersection Type,Shoulder Type,FDOT Roadway SKID Test Result,FDOT Roadway SKID Test Date,Functional Class,RCI Surface Width,RCI Shoulder Type First,RCI Shoulder Width First,RCI Shoulder Type Second,RCI Shoulder Width Second,RCI Shoulder Type Third,RCI Shoulder Width Third,RCI Median Width,Avg Daily Traffic,AADT Source,RCI Avg Per Truck Traffic,RCI Horiz Curve Condition,Posted Speed Limit,Highest Injury in Crash,CAR Status Code,Alcohols/Drug Involved,Site Location,Lighting,Weather,Road Surface,Roadway Grade,Roadway Alignment,Traffic Way Vehicle 1,Traffic Way Vehicle 2,Traffic Control Vehicle 1,Traffic Control Vehicle 2,Count of Lanes,Road Condition 1,Road Condition 2,Road Condition 3,Environment Condition 1,Environment Condition 2,Environment Condition 3,Crash Harmful Event,Manner of Collision,Vehicle Movement,Driver Action Vehicle 1,Driver Action Vehicle 2,Location Within Workzone,Type of Workzone,Workers Present in Workzone,Law Enforcement Present in Workzone,School Bus Related,Count of Nonfatal Injuries,Count of Traffic Fatalities,Count of Serious Injuries,Count of Pedestrians,Count of Drivers,Count of Bicyclists,Count of Vehicles,Count of Persons,Wrong Way,Workzone Inv,Commercial Vehicle Inv,Intersection Inv,Lane Departure,Speeding,Agressive Driving,Impaired Driver,Impaired Pedestrian,Impaired Bicyclist,Distracted Driver,Speeding or Aggressive Driving,Pedestrian Related,Bicyclist Related,Pedestrian or Bicyclist Related,Motorcycle Inv,No Belt,No Belt - Ages 1-4,No Belt - Ages 5-12,No Belt - Ages 13-17,Driver - Ages Teen,Driver - Ages 65 plus,Driver - Ages 65-69,Driver - Ages 70-74,Driver - Ages 75-79,Driver - Ages 80 plus,ARBM Latitude,ARBM Longitude,UTM Zone 17N X,UTM Zone 17N Y,ARBM Side of Road,Urban Rural Indicator,GIS Street Source,Extract Date,OBJECTID,x,y
2013833038080,2013,833038080,FHPK13OFF046443,FLORIDA HIGHWAY PATROL,08 TURNPIKE,PALM BEACH,"August 27, 2013",0950,WEDNESDAY,9394 WEST PALM BEACH,0694,Y,SR 91,SR 80,0.001,N,26.6534745,-80.1743176,26.6794294,-80.1662334,93470000,24.331,01491,SR 91,,L LEFT,2 THRU LANE 2,S SOUTH,03 TOLL ROAD URBAN,06 TURNPIKE/TOLL,01 NON-JUNCTION,01 ON ROADWAY,01 NOT AT INTERSECTION,01 PAVED,33,"June 26, 2012",12 URBAN PRIN ART EXPR.,36,PAVED WARN,21,VALLEY GUTR,3.5,,0,20,54000,RCI,12.3,,70,1 NO INJURY,31 Q/C COMPLETED - LOC VERIFIED,0 NO,01 NOT AT INTERSECTION/RRX/BRIDGE,01 DAYLIGHT,03 RAIN,02 WET,03 UPHILL,1 STRAIGHT,"TWO-WAY, DIVIDED, POSITIVE MED","TWO-WAY, DIVIDED, POSITIVE MED",NO CONTROLS,NO CONTROLS,5,NONE,NOT CODED,NOT CODED,NONE,NOT CODED,NOT CODED,14 MOTOR VEHICLE IN TRANSPORT,"04 SIDESWIPE, SAME DIRECTION",06 CHANGING LANES,OPERATED MV IN CARLESS OR NEGL,NO CONTRIBUTING ACTION,00 NOT CODED,00 NOT CODED,00 NOT CODED,00 NOT CODED,01 NO,0,0,0,0,2,0,2,2,N,N,Y,N,Y,N,N,N,N,N,N,N,N,N,N,N,N,N,N,N,N,N,N,N,N,N,26.679164309,-80.166569086,582924.136088,2951171.351824,L,,ARBM15Q1R2,"February 27, 2022",536044,-8924101.94953796,3083445.047644661
2013833038110,2013,833038110,FHPK13OFF046865,FLORIDA HIGHWAY PATROL,08 TURNPIKE,PALM BEACH,"August 29, 2013",1120,FRIDAY,9394 WEST PALM BEACH,0694,Y,SR 91,PIKE RD,0.095,S,26.6844015,-80.1664698,26.6853103,-80.1657456,93470153,0.272,04635,SR 91,,L LEFT,X RAMP,S SOUTH,08 RAMP RURAL,06 TURNPIKE/TOLL,14 ENTRANCE/EXIT RAMP,01 ON ROADWAY,01 NOT AT INTERSECTION,01 PAVED,0,"December 31, 2000",,36,RAISED CURB,2,LAWN,10,,0,,5500,RCI,8.6,,,1 NO INJURY,31 Q/C COMPLETED - LOC VERIFIED,0 NO,08 EXIT RAMP,01 DAYLIGHT,01 CLEAR,01 DRY,01 LEVEL,1 STRAIGHT,"TWO-WAY, DIVIDED, POSITIVE MED","TWO-WAY, DIVIDED, POSITIVE MED",OTHER (SEE NARRATIVE),OTHER (SEE NARRATIVE),3,NONE,NOT CODED,NOT CODED,NONE,NOT CODED,NOT CODED,14 MOTOR VEHICLE IN TRANSPORT,77 OTHER (SEE NARRATIVE),04 BACKING,OPERATED MV IN CARLESS OR NEGL,NO CONTRIBUTING ACTION,00 NOT CODED,00 NOT CODED,00 NOT CODED,00 NOT CODED,01 NO,0,0,0,0,2,0,2,3,N,N,N,N,N,N,N,N,N,N,N,N,N,N,N,N,N,N,N,N,N,N,N,N,N,N,26.685295799,-80.165747848,583001.4099,2951851.0175,O,,ARBM15Q1R2,"February 27, 2022",536047,-8924010.529725399,3084208.94962187
2013836808940,2013,836808940,FHPL13OFF056600,FLORIDA HIGHWAY PATROL,04 FOURTH,PALM BEACH,"September 15, 2013",0640,MONDAY,9394 WEST PALM BEACH,0694,N,SR 9,SR 882,0.038,S,26.6568432,-80.069831,26.6551792,-80.0693602,93220000,23.502,02217,SR 9,I 95,R RIGHT,3 THRU LANE 3,N NORTH,01 INTERSTATE URBAN,01 INTERSTATE,01 NON-JUNCTION,01 ON ROADWAY,01 NOT AT INTERSECTION,01 PAVED,31,"September 8, 2013",11 URBAN PRIN ART INT.,64,PAVED WARN,10,,0,,0,32,208000,RCI,7.5,,65,3 NO-INCAPACITATING INJURY,31 Q/C COMPLETED - LOC VERIFIED,0 NO,01 NOT AT INTERSECTION/RRX/BRIDGE,03 DAWN,03 RAIN,02 WET,04 DOWNHILL,1 STRAIGHT,"TWO-WAY, DIVIDED, POSITIVE MED","TWO-WAY, DIVIDED, POSITIVE MED",NO CONTROLS,NO CONTROLS,10,NONE,NOT CODED,NOT CODED,NONE,NOT CODED,NOT CODED,14 MOTOR VEHICLE IN TRANSPORT,"05 SIDESWIPE, OPPOSITE DIRECTION",01 STRAIGHT AHEAD,OTHER CONTRIBUTING ACTION,NO CONTRIBUTING ACTION,00 NOT CODED,00 NOT CODED,00 NOT CODED,00 NOT CODED,01 NO,2,0,0,0,5,0,5,6,N,N,N,N,Y,N,N,N,N,N,N,N,N,N,N,N,N,N,N,N,N,N,N,N,N,N,26.654935794,-80.069316508,592620.556827,2948554.62782,R,,ARBM15Q1R2,"February 27, 2022",1299382,-8913275.838861166,3080426.89963639
2013836847430,2013,836847430,FHPL13OFF056936,FLORIDA HIGHWAY PATROL,04 FOURTH,PALM BEACH,"September 16, 2013",1025,TUESDAY,9394 WEST PALM BEACH,0694,N,SR 9,SR 882,0.038,N,26.641337,-80.0692803,26.6562646,-80.0695895,93220000,23.578,04273,SR 9,I 95,L LEFT,5 THRU LANE 5,S SOUTH,01 INTERSTATE URBAN,01 INTERSTATE,01 NON-JUNCTION,03 SHOULDER,01 NOT AT INTERSECTION,01 PAVED,31,"September 8, 2013",11 URBAN PRIN ART INT.,64,PAVED WARN,10,,0,,0,32,208000,RCI,7.5,,65,2 POSSIBLE INJURY,31 Q/C COMPLETED - LOC VERIFIED,0 NO,01 NOT AT INTERSECTION/RRX/BRIDGE,01 DAYLIGHT,03 RAIN,02 WET,01 LEVEL,1 STRAIGHT,"TWO-WAY, DIVIDED, POSITIVE MED","TWO-WAY, DIVIDED, POSITIVE MED",NO CONTROLS,NO CONTROLS,10,NONE,NOT CODED,NOT CODED,NONE,NOT CODED,NOT CODED,27 GUARDRAIL FACE,77 OTHER (SEE NARRATIVE),01 STRAIGHT AHEAD,OTHER CONTRIBUTING ACTION,NO CONTRIBUTING ACTION,00 NOT CODED,00 NOT CODED,00 NOT CODED,00 NOT CODED,01 NO,1,0,0,0,2,0,2,3,N,N,N,N,Y,N,N,N,N,N,N,N,N,N,N,N,N,N,N,N,N,N,N,N,N,N,26.655944735,-80.069842768,592567.367307,2948665.99915,L,,ARBM15Q1R2,"February 27, 2022",1305781,-8913334.421828672,3080552.5706915655
2013825205560,2013,825205560,20130000438,CITY POLICE DEPARTMENT,04 FOURTH,PALM BEACH,"January 7, 2013",1528,TUESDAY,9394 WEST PALM BEACH,0694,Y,FORUM WAY,PALM BEACH LAKES BLVD,0,E,0,0,26.725173,-80.080389,93A05426,0.013,,,,L LEFT,R RIGHT TURN,S SOUTH,,05 LOCAL,02 INTERSECTION,88 UNKNOWN,02 FOUR-WAY INTERSECTION,03 CURB,0,"December 31, 2000",,,,0,,0,,0,,,RCI,0,,,2 POSSIBLE INJURY,33 Q/C VERIFIED AS OFF-SYSTEM,1 ALC,02 AT INTERSECTION,01 DAYLIGHT,02 CLOUDY,01 DRY,03 UPHILL,1 STRAIGHT,"TWO-WAY, DIVIDED, POSITIVE MED",,TRAFFIC CONTROL SIGNAL,NOT CODED,,NONE,NOT CODED,NOT CODED,NONE,NOT CODED,NOT CODED,11 PEDALCYCLE,77 OTHER (SEE NARRATIVE),05 TURNING RIGHT,NO CONTRIBUTING ACTION,NOT CODED,00 NOT CODED,00 NOT CODED,00 NOT CODED,00 NOT CODED,01 NO,1,0,0,0,1,1,1,2,N,N,N,Y,N,N,N,N,N,N,N,N,N,Y,Y,N,N,N,N,N,N,N,N,N,N,N,26.725175071,-80.080387327,591462.6525,2956326.5529,L,U,ARBM15Q1R2,"February 27, 2022",248294,-8914508.237354755,3089178.3788745888
2013830838690,2013,830838690,20130001521,CITY POLICE DEPARTMENT,04 FOURTH,PALM BEACH,"January 25, 2013",1839,SATURDAY,9394 WEST PALM BEACH,0694,Y,BROADWAY,44TH ST,0,,0,0,26.752275,-80.0562102,93020000,11.374,00768,SR 5,US 1,R RIGHT,1 THRU LANE 1,U UNNWN,21 URBAN 4-5LN 2WY DIVD PAVD,03 STATE,02 INTERSECTION,01 ON ROADWAY,02 FOUR-WAY INTERSECTION,03 CURB,41,"June 23, 2013",16 URBAN MINOR ART,22,CURB&GUTTER,2,,0,,0,16,21500,RCI,4.8,,35,2 POSSIBLE INJURY,31 Q/C COMPLETED - LOC VERIFIED,1 ALC,02 AT INTERSECTION,04 DARK-LIGHTED,01 CLEAR,01 DRY,01 LEVEL,1 STRAIGHT,UNKNOWN,,UNKNOWN,NOT CODED,4,NONE,NOT CODED,NOT CODED,NONE,NOT CODED,NOT CODED,10 PEDESTRIAN,77 OTHER (SEE NARRATIVE),88 UNKNOWN,NO CONTRIBUTING ACTION,NOT CODED,00 NOT CODED,00 NOT CODED,00 NOT CODED,00 NOT CODED,01 NO,1,0,0,1,1,0,1,2,N,N,N,Y,N,N,N,N,N,N,N,N,Y,N,Y,N,N,N,N,N,N,N,N,N,N,N,26.752251116,-80.056224965,593843.688188,2959343.183178,C,,ARBM15Q1R2,"February 27, 2022",250266,-8911818.494782304,3092553.3670871397
2013830844230,2013,830844230,20130003810,CITY POLICE DEPARTMENT,04 FOURTH,PALM BEACH,"March 4, 2013",1145,TUESDAY,9394 WEST PALM BEACH,0694,Y,BELVEDERE RD,PARKER AVE,0.076,E,0,0,26.690495,-80.061339,93503501,0.524,,,,R RIGHT,S SIDE OF ROAD,N NORTH,,04 COUNTY,01 NON-JUNCTION,01 ON ROADWAY,01 NOT AT INTERSECTION,03 CURB,0,"December 31, 2000",,,,0,,0,,0,,,RCI,0,,,3 NO-INCAPACITATING INJURY,33 Q/C VERIFIED AS OFF-SYSTEM,0 NO,01 NOT AT INTERSECTION/RRX/BRIDGE,01 DAYLIGHT,01 CLEAR,01 DRY,01 LEVEL,1 STRAIGHT,"TWO-WAY, NOT DIVIDED",,STOP SIGN,NOT CODED,,NONE,NOT CODED,NOT CODED,NONE,NOT CODED,NOT CODED,11 PEDALCYCLE,77 OTHER (SEE NARRATIVE),01 STRAIGHT AHEAD,OTHER CONTRIBUTING ACTION,NOT CODED,00 NOT CODED,00 NOT CODED,00 NOT CODED,00 NOT CODED,01 NO,1,0,0,0,1,1,1,3,N,N,N,N,N,N,N,N,N,N,N,N,N,Y,Y,N,N,N,N,N,N,N,N,N,N,N,26.690495572,-80.061338984,593385.545173,2952499.146798,C,U,ARBM15Q1R2,"February 27, 2022",250267,-8912387.784749234,3084856.804471167
2013830844670,2013,830844670,20130003945,CITY POLICE DEPARTMENT,04 FOURTH,PALM BEACH,"March 6, 2013",1745,THURSDAY,9394 WEST PALM BEACH,0694,Y,WEBSTER AVE,PILGRIM RD,0,E,0,0,26.667507,-80.056527,93A12809,0.703,,,,I INTERSECTION,M MIDDLE,W WEST,,05 LOCAL,02 INTERSECTION,01 ON ROADWAY,02 FOUR-WAY INTERSECTION,03 CURB,0,"December 31, 2000",,,,0,,0,,0,,,RCI,0,,,2 POSSIBLE INJURY,33 Q/C VERIFIED AS OFF-SYSTEM,0 NO,02 AT INTERSECTION,01 DAYLIGHT,01 CLEAR,01 DRY,01 LEVEL,1 STRAIGHT,"TWO-WAY, NOT DIVIDED",,STOP SIGN,NOT CODED,,NONE,NOT CODED,NOT CODED,NONE,NOT CODED,NOT CODED,10 PEDESTRIAN,77 OTHER (SEE NARRATIVE),01 STRAIGHT AHEAD,NO CONTRIBUTING ACTION,NOT CODED,00 NOT CODED,00 NOT CODED,00 NOT CODED,00 NOT CODED,01 NO,1,0,0,0,1,1,1,2,N,N,N,Y,N,N,N,N,N,N,N,N,N,Y,Y,N,N,N,N,N,N,N,N,N,N,N,26.667507011,-80.056527171,593883.116388,2949956.392598,C,U,ARBM15Q1R2,"February 27, 2022",250271,-8911852.13599727,3081992.8173599634
2013830852960,2013,830852960,20130007607,CITY POLICE DEPARTMENT,04 FOURTH,PALM BEACH,"May 3, 2013",1819,SATURDAY,9394 WEST PALM BEACH,0694,Y,MERCER AVE,BELVEDERE RD,0,E,0,0,26.690859,-80.071385,93000247,0.014,,,,L LEFT,C CROSSWALK,U UNNWN,,05 LOCAL,02 INTERSECTION,01 ON ROADWAY,02 FOUR-WAY INTERSECTION,01 PAVED,0,"December 31, 2000",,,,0,,0,,0,,,RCI,0,,,2 POSSIBLE INJURY,33 Q/C VERIFIED AS OFF-SYSTEM,0 NO,02 AT INTERSECTION,01 DAYLIGHT,01 CLEAR,01 DRY,01 LEVEL,3 CURVE LEFT,"TWO-WAY, DIVIDED, POSITIVE MED",,TRAFFIC CONTROL SIGNAL,NOT CODED,,NONE,NOT CODED,NOT CODED,NONE,NOT CODED,NOT CODED,11 PEDALCYCLE,77 OTHER (SEE NARRATIVE),05 TURNING RIGHT,OTHER CONTRIBUTING ACTION,NOT CODED,00 NOT CODED,00 NOT CODED,00 NOT CODED,00 NOT CODED,01 NO,1,0,0,0,1,1,1,2,N,N,N,Y,N,N,N,N,N,N,N,N,N,Y,Y,N,N,N,N,N,N,N,N,N,N,N,26.690858045,-80.071383959,592385.845094,2952531.979915,C,U,ARBM15Q1R2,"February 27, 2022",252629,-8913505.986646978,3084901.9671596373
2013830847450,2013,830847450,20130005143,CITY POLICE DEPARTMENT,04 FOURTH,PALM BEACH,"March 26, 2013",1302,WEDNESDAY,9394 WEST PALM BEACH,0694,Y,DIXIE HWY S,LYTLE ST,0.015,N,0,0,26.6561378,-80.0559664,93050000,4.484,00099,SR 805,US 1,L LEFT,2 THRU LANE 2,S SOUTH,21 URBAN 4-5LN 2WY DIVD PAVD,04 COUNTY,04 DRIVEWAY/ALLEY ACCESS RELATED,10 ROADSIDE,01 NOT AT INTERSECTION,01 PAVED,36,"April 12, 2011",16 URBAN MINOR ART,24,CURB&GUTTER,2,,0,,0,12,21500,RCI,11,,35,3 NO-INCAPACITATING INJURY,31 Q/C COMPLETED - LOC VERIFIED,0 NO,04 DRIVEWAY ACCESS,01 DAYLIGHT,01 CLEAR,01 DRY,01 LEVEL,1 STRAIGHT,"TWO-WAY, DIVIDED, UNPROTECTED",,NO CONTROLS,NOT CODED,4,NONE,NOT CODED,NOT CODED,NONE,NOT CODED,NOT CODED,10 PEDESTRIAN,"04 SIDESWIPE, SAME DIRECTION",05 TURNING RIGHT,NO CONTRIBUTING ACTION,NOT CODED,00 NOT CODED,00 NOT CODED,00 NOT CODED,00 NOT CODED,01 NO,1,0,0,0,1,1,1,2,N,N,N,N,Y,N,N,N,N,N,N,N,N,Y,Y,N,N,N,N,N,N,Y,Y,N,N,N,26.656102351,-80.055967166,593948.184663,2948693.59085,C,,ARBM15Q1R2,"February 27, 2022",252942,-8911789.796471866,3080572.2032067026
2013830870010,2013,830870010,20130015458,CITY POLICE DEPARTMENT,04 FOURTH,PALM BEACH,"September 9, 2013",1432,TUESDAY,9394 WEST PALM BEACH,0694,Y,GEORGIA AVE,TALLAPOOSA ST,0.011,N,0,0,26.686767,-80.058542,93A11846,0.757,,,,L LEFT,1 THRU LANE 1,S SOUTH,,05 LOCAL,01 NON-JUNCTION,01 ON ROADWAY,01 NOT AT INTERSECTION,03 CURB,0,"December 31, 2000",,,,0,,0,,0,,,RCI,0,,,3 NO-INCAPACITATING INJURY,33 Q/C VERIFIED AS OFF-SYSTEM,0 NO,01 NOT AT INTERSECTION/RRX/BRIDGE,01 DAYLIGHT,01 CLEAR,01 DRY,01 LEVEL,1 STRAIGHT,"TWO-WAY, NOT DIVIDED",,NO CONTROLS,NOT CODED,,NONE,NOT CODED,NOT CODED,NONE,NOT CODED,NOT CODED,10 PEDESTRIAN,77 OTHER (SEE NARRATIVE),77 OTHER (SEE NARRATIVE),NO CONTRIBUTING ACTION,NOT CODED,00 NOT CODED,00 NOT CODED,00 NOT CODED,00 NOT CODED,01 NO,1,0,0,0,1,1,1,2,N,N,N,N,N,N,N,N,N,N,N,N,N,Y,Y,N,N,N,N,N,N,Y,Y,N,N,N,26.68676703,-80.058543654,593666.710234,2952088.210983,C,U,ARBM15Q1R2,"February 27, 2022",253079,-8912076.61000404,3084392.251802867
2013830866640,2013,830866640,20130013889,CITY POLICE DEPARTMENT,04 FOURTH,PALM BEACH,"August 14, 2013",1323,THURSDAY,9394 WEST PALM BEACH,0694,Y,CLEMATIS ST,QUADRILLE BLVD N,0.019,E,0,0,26.7134481,-80.0549709,93020100,0.542,02395,SR 5,US 1,T SIDE RD LEFT,1 THRU LANE 1,E EAST,20 URBAN 4-5LN 2WY DIVD RASD,05 LOCAL,01 NON-JUNCTION,01 ON ROADWAY,01 NOT AT INTERSECTION,03 CURB,0,"December 31, 2000",17 URBAN MAJOR COLLECTOR,21,CURB&GUTTER,2,,0,,0,19,9300,RCI,3.8,,30,2 POSSIBLE INJURY,31 Q/C COMPLETED - LOC VERIFIED,0 NO,03 INFLUENCED BY INTERSECTION,01 DAYLIGHT,02 CLOUDY,01 DRY,01 LEVEL,1 STRAIGHT,"TWO-WAY, NOT DIVIDED",,NO CONTROLS,NOT CODED,4,NONE,NOT CODED,NOT CODED,NONE,NOT CODED,NOT CODED,11 PEDALCYCLE,03 ANGLE,01 STRAIGHT AHEAD,NO CONTRIBUTING ACTION,NOT CODED,00 NOT CODED,00 NOT CODED,00 NOT CODED,00 NOT CODED,01 NO,1,0,0,0,1,1,1,2,N,N,N,Y,N,N,N,N,N,N,N,N,N,Y,Y,N,N,N,N,N,N,N,N,N,N,N,26.713443799,-80.054986226,593998.762683,2955045.641801,C,,ARBM15Q1R2,"February 27, 2022",253260,-8911680.598873928,3087716.343074392
2013830848870,2013,830848870,20130005745,CITY POLICE DEPARTMENT,04 FOURTH,PALM BEACH,"April 5, 2013",0456,SATURDAY,9394 WEST PALM BEACH,0694,Y,8TH ST,DIVISION AVE,0.009,W,0,0,26.720792,-80.05953,93A05161,0.177,,,,R RIGHT,1 THRU LANE 1,U UNNWN,,05 LOCAL,01 NON-JUNCTION,01 ON ROADWAY,01 NOT AT INTERSECTION,03 CURB,0,"December 31, 2000",,,,0,,0,,0,,,RCI,0,,,4 INCAPACITATING INJURY,33 Q/C VERIFIED AS OFF-SYSTEM,0 NO,01 NOT AT INTERSECTION/RRX/BRIDGE,04 DARK-LIGHTED,01 CLEAR,01 DRY,01 LEVEL,1 STRAIGHT,UNKNOWN,,UNKNOWN,NOT CODED,,NONE,NOT CODED,NOT CODED,NONE,NOT CODED,NOT CODED,06 FELL/JUMPED FROM MOTOR VEHICLE,77 OTHER (SEE NARRATIVE),88 UNKNOWN,OTHER CONTRIBUTING ACTION,NOT CODED,00 NOT CODED,00 NOT CODED,00 NOT CODED,00 NOT CODED,01 NO,1,0,1,1,1,0,1,2,N,N,N,N,N,N,N,N,N,N,N,N,Y,N,Y,N,N,N,N,N,N,N,N,N,N,N,26.720788891,-80.059530096,593540.763553,2955855.868012,C,U,ARBM15Q1R2,"February 27, 2022",253295,-8912186.420326445,3088631.723881695
2013830843960,2013,830843960,20130003725,CITY POLICE DEPARTMENT,04 FOURTH,PALM BEACH,"March 3, 2013",0756,MONDAY,9394 WEST PALM BEACH,0694,Y,BANYAN BLVD,N AUSTRALIAN AVE,0,E,0,0,26.713949,-80.065727,93000132,0.013,,,,R RIGHT,C CROSSWALK,S SOUTH,,01 INTERSTATE,02 INTERSECTION,01 ON ROADWAY,03 T-INTERSECTION,03 CURB,0,"December 31, 2000",,,,0,,0,,0,,,RCI,0,,,3 NO-INCAPACITATING INJURY,33 Q/C VERIFIED AS OFF-SYSTEM,0 NO,02 AT INTERSECTION,01 DAYLIGHT,01 CLEAR,01 DRY,01 LEVEL,1 STRAIGHT,"TWO-WAY, DIVIDED, UNPROTECTED",,TRAFFIC CONTROL SIGNAL,NOT CODED,,NONE,NOT CODED,NOT CODED,NONE,NOT CODED,NOT CODED,10 PEDESTRIAN,77 OTHER (SEE NARRATIVE),03 TURNING LEFT,NO CONTRIBUTING ACTION,NOT CODED,00 NOT CODED,00 NOT CODED,00 NOT CODED,00 NOT CODED,01 NO,1,0,0,1,1,0,1,3,N,N,N,Y,N,N,N,N,N,N,N,N,Y,N,Y,N,N,N,N,N,N,N,N,N,N,N,26.713946325,-80.065725121,592930.119587,2955093.427405,C,U,ARBM15Q1R2,"February 27, 2022",253463,-8912876.0475459,3087778.9683943423
2013830844180,2013,830844180,20130003796,CITY POLICE DEPARTMENT,04 FOURTH,PALM BEACH,"March 4, 2013",0916,TUESDAY,9394 WEST PALM BEACH,0694,Y,OKEECHOBEE BLVD,PALM BEACH LAKES BLVD,0,,0,0,26.7066856,-80.1004154,93280000,6.2,03983,SR 704,,R RIGHT,S SIDE OF ROAD,W WEST,30 URBAN 6+LN 2WY DIVD RASD,03 STATE,03 INTERSECTION-RELATED,03 SHOULDER,02 FOUR-WAY INTERSECTION,03 CURB,36,"December 1, 2013",14 URBAN PRIN ART OTHER,33,PAVED,3,CURB&GUTTER,2,,0,29,64500,RCI,8.1,,45,3 NO-INCAPACITATING INJURY,31 Q/C COMPLETED - LOC VERIFIED,0 NO,02 AT INTERSECTION,01 DAYLIGHT,01 CLEAR,01 DRY,01 LEVEL,1 STRAIGHT,"TWO-WAY, DIVIDED, POSITIVE MED",,TRAFFIC CONTROL SIGNAL,NOT CODED,8,NONE,NOT CODED,NOT CODED,NONE,NOT CODED,NOT CODED,10 PEDESTRIAN,77 OTHER (SEE NARRATIVE),77 OTHER (SEE NARRATIVE),WRONG SIDE OF WRONG WAY,NOT CODED,00 NOT CODED,00 NOT CODED,00 NOT CODED,00 NOT CODED,01 NO,2,0,0,1,1,0,1,2,Y,N,N,Y,N,N,N,N,N,N,N,N,Y,N,Y,N,N,N,N,N,N,N,N,N,N,N,26.706646484,-80.100506898,589475.990304,2954259.984785,R,,ARBM15Q1R2,"February 27, 2022",253466,-8916747.93840218,3086869.2813836164
2013830859430,2013,830859430,20130010653,CITY POLICE DEPARTMENT,04 FOURTH,PALM BEACH,"June 20, 2013",2050,FRIDAY,9394 WEST PALM BEACH,0694,Y,BROADWAY,43RD ST,0,,0,0,26.7515652,-80.0562791,93020000,11.325,00767,SR 5,US 1,R RIGHT,2 THRU LANE 2,N NORTH,21 URBAN 4-5LN 2WY DIVD PAVD,02 U.S.,01 NON-JUNCTION,01 ON ROADWAY,01 NOT AT INTERSECTION,03 CURB,41,"June 23, 2013",16 URBAN MINOR ART,22,CURB&GUTTER,2,,0,,0,16,21500,RCI,4.8,,35,3 NO-INCAPACITATING INJURY,31 Q/C COMPLETED - LOC VERIFIED,1 ALC,02 AT INTERSECTION,04 DARK-LIGHTED,01 CLEAR,01 DRY,01 LEVEL,1 STRAIGHT,"TWO-WAY, DIVIDED, POSITIVE MED",,NO CONTROLS,NOT CODED,4,NONE,NOT CODED,NOT CODED,NONE,NOT CODED,NOT CODED,10 PEDESTRIAN,03 ANGLE,01 STRAIGHT AHEAD,NO CONTRIBUTING ACTION,NOT CODED,00 NOT CODED,00 NOT CODED,00 NOT CODED,00 NOT CODED,01 NO,1,0,0,1,1,0,1,2,N,N,N,Y,N,N,N,N,N,N,N,N,Y,N,Y,N,N,N,N,N,N,N,N,N,N,N,26.751540225,-80.05629322,593837.484753,2959264.391493,C,,ARBM15Q1R2,"February 27, 2022",253675,-8911826.092869164,3092464.745300592
2013830865060,2013,830865060,20130013162,CITY POLICE DEPARTMENT,04 FOURTH,PALM BEACH,"August 1, 2013",1956,FRIDAY,9394 WEST PALM BEACH,0694,Y,N TAMARIND AVE,PALM BEACH LAKES BLVD,0,E,0,0,26.724657,-80.061647,93027502,0,,,,L LEFT,C CROSSWALK,,,05 LOCAL,77 OTHER (SEE NARRATIVE),01 ON ROADWAY,03 T-INTERSECTION,03 CURB,0,"December 31, 2000",,,,0,,0,,0,,,RCI,0,,,2 POSSIBLE INJURY,33 Q/C VERIFIED AS OFF-SYSTEM,0 NO,77 ALL OTHER,04 DARK-LIGHTED,02 CLOUDY,01 DRY,,,,,NOT CODED,NOT CODED,,NONE,NOT CODED,NOT CODED,NONE,NOT CODED,NOT CODED,10 PEDESTRIAN,03 ANGLE,,NOT CODED,NOT CODED,00 NOT CODED,00 NOT CODED,00 NOT CODED,00 NOT CODED,01 NO,1,0,0,0,0,1,0,1,N,N,N,N,N,N,N,N,N,N,N,N,N,Y,Y,N,N,N,N,N,N,N,N,N,N,N,26.724657,-80.061647332,593327.012726,2956282.761544,C,U,ARBM15Q1R2,"February 27, 2022",253815,-8912422.11012951,3089113.8099245597
2013830839530,2013,830839530,20130001940,CITY POLICE DEPARTMENT,04 FOURTH,PALM BEACH,"February 1, 2013",1817,SATURDAY,9394 WEST PALM BEACH,0694,Y,OKEECHOBEE BLVD,SAPODILLA AVE S,0,,0,0,26.7058205,-80.0585638,93280000,8.79,04507,SR 704,,R RIGHT,2 THRU LANE 2,W WEST,30 URBAN 6+LN 2WY DIVD RASD,03 STATE,02 INTERSECTION,01 ON ROADWAY,03 T-INTERSECTION,03 CURB,37,"January 30, 2011",14 URBAN PRIN ART OTHER,47,CURB&GUTTER,2,,0,,0,90,37500,RCI,4.8,,40,4 INCAPACITATING INJURY,31 Q/C COMPLETED - LOC VERIFIED,0 NO,02 AT INTERSECTION,02 DUSK,01 CLEAR,01 DRY,01 LEVEL,1 STRAIGHT,"TWO-WAY, DIVIDED, POSITIVE MED",,TRAFFIC CONTROL SIGNAL,NOT CODED,8,NONE,NOT CODED,NOT CODED,NONE,NOT CODED,NOT CODED,11 PEDALCYCLE,03 ANGLE,10 MAKING U-TURN,FAILED TO YIELD RIGHT-OF-WAY,NOT CODED,00 NOT CODED,00 NOT CODED,00 NOT CODED,00 NOT CODED,"03 YES, SCHOOL BUS INDIRECTLY INV",2,0,1,0,1,2,1,3,N,N,N,Y,N,N,N,N,N,N,N,N,N,Y,Y,N,N,N,N,N,Y,N,N,N,N,N,26.705770562,-80.058595563,593646.006427,2954193.069128,R,,ARBM15Q1R2,"February 27, 2022",253963,-8912082.388604783,3086760.1302689034